637000001	Korebacter versatilis Ellin345	Bacteria	Finished
637000002	Acinetobacter baylyi ADP1	Bacteria	Finished
637000004	Alcanivorax borkumensis SK2	Bacteria	Finished
637000005	Alkalilimnicola ehrlichei MLHE-1	Bacteria	Finished
637000007	Anaeromyxobacter dehalogenans 2CP-C	Bacteria	Finished
637000008	Anaplasma marginale St. Maries	Bacteria	Finished
637000009	Anaplasma phagocytophilum HZ	Bacteria	Finished
637000010	Aquifex aeolicus VF5	Bacteria	Finished
637000011	Candidatus Phytoplasma aster yellows witches'-broom AY-WB	Bacteria	Finished
637000012	Aromatoleum aromaticum EbN1	Bacteria	Finished
637000013	Bacillus anthracis Ames Ancestor A2084	Bacteria	Finished
637000014	Bacillus anthracis Ames	Bacteria	Finished
637000015	Bacillus anthracis Sterne	Bacteria	Finished
637000016	Bacillus cereus ATCC 10987	Bacteria	Finished
637000017	Bacillus cereus ATCC 14579	Bacteria	Finished
637000018	Bacillus cereus E33L (ZK)	Bacteria	Finished
637000019	Bacillus clausii KSM-K16	Bacteria	Finished
637000020	Bacillus halodurans C-125	Bacteria	Finished
637000023	Bacillus thuringiensis sv konkukian 97-27	Bacteria	Finished
637000024	Bacteroides fragilis NCTC 9343	Bacteria	Finished
637000025	Bacteroides fragilis YCH46	Bacteria	Finished
637000026	Bacteroides thetaiotaomicron VPI-5482	Bacteria	Finished
637000027	Bartonella henselae Houston-1	Bacteria	Finished
637000028	Bartonella quintana Toulouse	Bacteria	Finished
637000029	Baumannia cicadellinicola Hc	Bacteria	Finished
637000030	Bdellovibrio bacteriovorus HD100	Bacteria	Finished
637000031	Bifidobacterium longum NCC2705	Bacteria	Finished
637000032	Bordetella bronchiseptica RB50	Bacteria	Finished
637000033	Bordetella parapertussis 12822	Bacteria	Finished
637000034	Bordetella pertussis Tohama I	Bacteria	Finished
637000036	Borrelia burgdorferi B31	Bacteria	Finished
637000038	Bradyrhizobium japonicum USDA 110	Bacteria	Finished
637000039	Brucella abortus bv 1, 9-941	Bacteria	Finished
637000040	Brucella melitensis bv 1, 16M	Bacteria	Finished
637000041	Brucella melitensis bv. 1 Abortus 2308	Bacteria	Finished
637000042	Brucella suis bv 1,1330	Bacteria	Finished
637000043	Buchnera aphidicola APS	Bacteria	Finished
637000045	Buchnera aphidicola Sg	Bacteria	Finished
637000046	Burkholderia cenocepacia AU 1054	Bacteria	Finished
637000047	Burkholderia cepacia AMMD	Bacteria	Finished
637000048	Burkholderia mallei ATCC 23344	Bacteria	Finished
637000049	Burkholderia pseudomallei 1710b	Bacteria	Finished
637000050	Burkholderia pseudomallei K96243	Bacteria	Finished
637000051	Burkholderia cepacia 383	Bacteria	Finished
637000052	Burkholderia thailandensis E264	Bacteria	Finished
637000053	Burkholderia xenovorans LB400	Bacteria	Finished
637000054	Campylobacter jejuni RM1221	Bacteria	Finished
637000055	Campylobacter jejuni jejuni NCTC 11168	Bacteria	Finished
637000056	Candidatus Blochmannia floridanus	Bacteria	Finished
637000057	Candidatus Blochmannia pennsylvanicus BPEN	Bacteria	Finished
637000058	Candidatus Pelagibacter ubique SAR11 HTCC1062	Bacteria	Finished
637000059	Candidatus Protochlamydia amoebophila UWE25	Bacteria	Finished
637000060	Carboxydothermus hydrogenoformans Z-2901	Bacteria	Finished
637000061	Caulobacter crescentus CB15	Bacteria	Finished
637000062	Chlamydia muridarum MoPn / Nigg	Bacteria	Finished
637000063	Chlamydia trachomatis A/HAR-13	Bacteria	Finished
637000064	Chlamydia trachomatis D/UW-3/CX (sv D)	Bacteria	Finished
637000065	Chlamydophila abortus S26/3	Bacteria	Finished
637000066	Chlamydophila caviae GPIC	Bacteria	Finished
637000067	Chlamydophila felis Fe/C-56	Bacteria	Finished
637000068	Chlamydophila pneumoniae AR39	Bacteria	Finished
637000069	Chlamydophila pneumoniae CWL029	Bacteria	Finished
637000070	Chlamydophila pneumoniae J138	Bacteria	Finished
637000071	Chlamydophila pneumoniae TW-183	Bacteria	Finished
637000072	Chlorobium chlorochromatii CaD3	Bacteria	Finished
637000073	Chlorobium tepidum TLS	Bacteria	Finished
637000074	Chromobacterium violaceum ATCC 12472	Bacteria	Finished
637000075	Chromohalobacter salexigens 1H11, DSM 3043	Bacteria	Finished
637000076	Clostridium acetobutylicum ATCC 824	Bacteria	Finished
637000077	Clostridium perfringens ATCC 13124	Bacteria	Finished
637000079	Clostridium perfringens 13	Bacteria	Finished
637000080	Clostridium tetani Massachusetts E88	Bacteria	Finished
637000081	Colwellia psychoerythraea 34H	Bacteria	Finished
637000082	Corynebacterium diphtheriae gravis NCTC 13129	Bacteria	Finished
637000085	Corynebacterium jeikeium K411	Bacteria	Finished
637000086	Coxiella burnetii Nine Mile phase I / RSA 493	Bacteria	Finished
637000087	Cytophaga hutchinsonii ATCC 33406	Bacteria	Finished
637000088	Dechloromonas aromatica RCB	Bacteria	Finished
637000089	Dehalococcoides ethenogenes 195	Bacteria	Finished
637000090	Dehalococcoides sp. CBDB1	Bacteria	Finished
637000092	Deinococcus radiodurans USUHS (R1)	Bacteria	Finished
637000093	Desulfitobacterium hafniense Y51	Bacteria	Finished
637000094	Desulfotalea psychrophila LSv54	Bacteria	Finished
637000095	Desulfovibrio alaskensis G20	Bacteria	Finished
637000096	Desulfovibrio vulgaris vulgaris Hildenborough	Bacteria	Finished
637000097	Ehrlichia canis Jake	Bacteria	Finished
637000098	Ehrlichia chaffeensis Arkansas	Bacteria	Finished
637000099	Ehrlichia ruminantium Gardel	Bacteria	Finished
637000101	Enterococcus faecalis V583	Bacteria	Finished
637000102	Pectobacterium atrosepticum SCRI1043	Bacteria	Finished
637000103	Erythrobacter litoralis HTCC2594	Bacteria	Finished
637000104	Escherichia coli O6:K15:H31 536 (UPEC)	Bacteria	Finished
637000105	Escherichia coli O6:K2:H1 CFT073 (UPEC)	Bacteria	Finished
637000107	Escherichia coli O157:H7 EDL933 (EHEC)	Bacteria	Finished
637000108	Escherichia coli O157:H7 Sakai (EHEC)	Bacteria	Finished
637000109	Escherichia coli UTI89 (UPEC)	Bacteria	Finished
637000110	Escherichia coli K12- W3110	Bacteria	Finished
637000111	Francisella tularensis holarctica LVS	Bacteria	Finished
637000112	Francisella tularensis holarctica OSU18	Bacteria	Finished
637000113	Francisella tularensis tularensis FSC 198	Bacteria	Finished
637000114	Francisella tularensis tularensis CHU S4	Bacteria	Finished
637000115	Frankia alni ACN14a	Bacteria	Finished
637000116	Frankia sp. CcI3	Bacteria	Finished
637000117	Fusobacterium nucleatum nucleatum ATCC 25586	Bacteria	Finished
637000118	Geobacillus kaustophilus HTA426	Bacteria	Finished
637000119	Geobacter metallireducens GS-15	Bacteria	Finished
637000120	Geobacter sulfurreducens PCA	Bacteria	Finished
637000121	Gloeobacter violaceus PCC 7421	Bacteria	Finished
637000122	Gluconobacter oxydans 621H	Bacteria	Finished
637000123	Granulibacter bethesdensis CGDNIH1	Bacteria	Finished
637000124	Haemophilus ducreyi 35000HP	Bacteria	Finished
637000125	Haemophilus influenzae NTHi 86-028NP	Bacteria	Finished
637000126	Haemophilus influenzae Rd (KW20)	Bacteria	Finished
637000127	Histophilus somni 129PT	Bacteria	Finished
637000128	Hahella chejuensis KCTC 2396	Bacteria	Finished
637000130	Helicobacter acinonychis Sheeba	Bacteria	Finished
637000131	Helicobacter hepaticus 3B1, ATCC 51449	Bacteria	Finished
637000132	Helicobacter pylori 26695	Bacteria	Finished
637000133	Helicobacter pylori HPAG1	Bacteria	Finished
637000134	Helicobacter pylori J99	Bacteria	Finished
637000135	Hyphomonas neptunium ATCC 15444	Bacteria	Finished
637000136	Idiomarina loihiensis L2TR	Bacteria	Finished
637000137	Jannaschia sp. CCS1	Bacteria	Finished
637000138	Lactobacillus acidophilus NCFM	Bacteria	Finished
637000139	Lactobacillus delbrueckii bulgaricus ATCC 11842	Bacteria	Finished
637000140	Lactobacillus johnsonii NCC 533	Bacteria	Finished
637000141	Lactobacillus plantarum WCFS1	Bacteria	Finished
637000142	Lactobacillus sakei sakei 23K	Bacteria	Finished
637000143	Lactobacillus salivarius salivarius UCC118	Bacteria	Finished
637000144	Lactococcus lactis lactis Il1403	Bacteria	Finished
637000145	Lawsonia intracellularis PHE/MN1-00	Bacteria	Finished
637000146	Legionella pneumophila Lens	Bacteria	Finished
637000147	Legionella pneumophila Paris	Bacteria	Finished
637000148	Legionella pneumophila pneumophila Philadelphia-1	Bacteria	Finished
637000149	Leifsonia xyli xyli CTCB07	Bacteria	Finished
637000150	Leptospira interrogans sv Copenhageni Fiocruz L1-130	Bacteria	Finished
637000151	Leptospira interrogans sv Lai 56601	Bacteria	Finished
637000152	Listeria innocua Clip11262	Bacteria	Finished
637000153	Listeria monocytogenes EGD-e	Bacteria	Finished
637000154	Listeria monocytogenes 4b F2365	Bacteria	Finished
637000155	Magnetospirillum magneticum AMB-1	Bacteria	Finished
637000156	Basfia succiniciproducens MBEL55E	Bacteria	Finished
637000157	Maricaulis maris MCS10	Bacteria	Finished
637000158	Mesoplasma florum L1	Bacteria	Finished
637000159	Mesorhizobium loti MAFF303099	Bacteria	Finished
637000160	Chelativorans sp. BNC1	Bacteria	Finished
637000165	Methylobacillus flagellatus KT	Bacteria	Finished
637000166	Methylococcus capsulatus Bath	Bacteria	Finished
637000167	Moorella thermoacetica ATCC 39073	Bacteria	Finished
637000168	Mycobacterium avium paratuberculosis K-10	Bacteria	Finished
637000169	Mycobacterium bovis AF2122/97	Bacteria	Finished
637000170	Mycobacterium leprae TN	Bacteria	Finished
637000171	Mycobacterium sp. MCS	Bacteria	Finished
637000172	Mycobacterium tuberculosis CDC1551	Bacteria	Finished
637000173	Mycobacterium tuberculosis H37Rv (lab strain)	Bacteria	Finished
637000174	Mycoplasma capricolum capricolum ATCC 27343	Bacteria	Finished
637000175	Mycoplasma gallisepticum R(low)	Bacteria	Finished
637000176	Mycoplasma genitalium G37	Bacteria	Finished
637000177	Mycoplasma hyopneumoniae 232	Bacteria	Finished
637000178	Mycoplasma hyopneumoniae 7448	Bacteria	Finished
637000179	Mycoplasma hyopneumoniae J	Bacteria	Finished
637000180	Mycoplasma mobile 163K	Bacteria	Finished
637000181	Mycoplasma mycoides mycoides SC PG1	Bacteria	Finished
637000182	Mycoplasma penetrans HF-2	Bacteria	Finished
637000183	Mycoplasma pneumoniae M129	Bacteria	Finished
637000184	Mycoplasma pulmonis UAB CTIP	Bacteria	Finished
637000185	Mycoplasma synoviae 53	Bacteria	Finished
637000186	Myxococcus xanthus DK 1622	Bacteria	Finished
637000188	Neisseria gonorrhoeae FA 1090	Bacteria	Finished
637000189	Neisseria meningitidis MC58	Bacteria	Finished
637000190	Neisseria meningitidis Z2491	Bacteria	Finished
637000191	Neorickettsia sennetsu Miyayama	Bacteria	Finished
637000192	Nitrobacter hamburgensis X14	Bacteria	Finished
637000193	Nitrobacter winogradskyi Nb-255	Bacteria	Finished
637000194	Nitrosococcus oceani C-107, ATCC 19707	Bacteria	Finished
637000195	Nitrosomonas europaea ATCC 19718	Bacteria	Finished
637000196	Nitrosomonas eutropha C91	Bacteria	Finished
637000197	Nitrosospira multiformis ATCC 25196	Bacteria	Finished
637000198	Nocardia farcinica IFM 10152	Bacteria	Finished
637000199	Nostoc sp. PCC 7120	Bacteria	Finished
637000201	Oceanobacillus iheyensis HTE831	Bacteria	Finished
637000202	Candidatus Phytoplasma onion yellows OY-M	Bacteria	Finished
637000203	Pasteurella multocida multocida Pm70	Bacteria	Finished
637000204	Pelobacter carbinolicus DSM 2380	Bacteria	Finished
637000205	Pelodictyon luteolum DSM 273	Bacteria	Finished
637000206	Photobacterium profundum SS9	Bacteria	Finished
637000207	Photorhabdus luminescens laumondii TTO1	Bacteria	Finished
637000208	Polaromonas sp. JS666	Bacteria	Finished
637000209	Porphyromonas gingivalis W83	Bacteria	Finished
637000210	Prochlorococcus marinus MIT 9312	Bacteria	Finished
637000211	Prochlorococcus marinus MIT 9313	Bacteria	Finished
637000212	Prochlorococcus marinus NATL2A	Bacteria	Finished
637000213	Prochlorococcus marinus marinus CCMP1375	Bacteria	Finished
637000214	Prochlorococcus marinus pastoris CCMP1986	Bacteria	Finished
637000215	Propionibacterium acnes KPA171202	Bacteria	Finished
637000216	Pseudoalteromonas atlantica T6c	Bacteria	Finished
637000217	Pseudoalteromonas haloplanktis TAC125	Bacteria	Finished
637000218	Pseudomonas aeruginosa PAO1	Bacteria	Finished
637000219	Pseudomonas entomophila L48	Bacteria	Finished
637000220	Pseudomonas fluorescens Pf-5	Bacteria	Finished
637000221	Pseudomonas fluorescens Pf0-1	Bacteria	Finished
637000222	Pseudomonas putida KT2440	Bacteria	Finished
637000223	Pseudomonas syringae pv. phaseolicola 1448A	Bacteria	Finished
637000224	Pseudomonas syringae pv. syringae B728a	Bacteria	Finished
637000225	Pseudomonas syringae pv. tomato DC3000	Bacteria	Finished
637000226	Psychrobacter arcticus 273-4	Bacteria	Finished
637000227	Psychrobacter cryohalolentis K5	Bacteria	Finished
637000229	Cupriavidus necator JMP134	Bacteria	Finished
637000230	Cupriavidus metallidurans CH34	Bacteria	Finished
637000231	Ralstonia solanacearum GMI1000	Bacteria	Finished
637000234	Rhodococcus jostii RHA1	Bacteria	Finished
637000235	Rhodoferax ferrireducens T118	Bacteria	Finished
637000236	Rhodopirellula baltica SH 1	Bacteria	Finished
637000237	Rhodopseudomonas palustris BisB18	Bacteria	Finished
637000238	Rhodopseudomonas palustris BisB5	Bacteria	Finished
637000239	Rhodopseudomonas palustris CGA009	Bacteria	Finished
637000240	Rhodopseudomonas palustris HaA2	Bacteria	Finished
637000241	Rhodospirillum rubrum S1, ATCC 11170	Bacteria	Finished
637000242	Rickettsia bellii RML369-C	Bacteria	Finished
637000243	Rickettsia conorii Malish 7	Bacteria	Finished
637000244	Rickettsia felis URRWXCal2	Bacteria	Finished
637000245	Rickettsia prowazekii Madrid E	Bacteria	Finished
637000246	Rickettsia typhi Wilmington	Bacteria	Finished
637000248	Rubrobacter xylanophilus DSM 9941	Bacteria	Finished
637000249	Saccharophagus degradans 2-40	Bacteria	Finished
637000250	Salinibacter ruber M31, DSM 13855	Bacteria	Finished
637000251	Salmonella enterica enterica sv Choleraesuis SC-B67	Bacteria	Finished
637000252	Salmonella enterica enterica sv Paratyphi A, ATCC 9150	Bacteria	Finished
637000253	Salmonella enterica enterica sv Typhi Ty2	Bacteria	Finished
637000254	Salmonella enterica enterica sv Typhi CT18	Bacteria	Finished
637000255	Salmonella enterica enterica sv Typhimurium LT2 LT2	Bacteria	Finished
637000256	Shewanella denitrificans OS217	Bacteria	Finished
637000257	Shewanella frigidimarina NCIMB 400	Bacteria	Finished
637000258	Shewanella oneidensis MR-1	Bacteria	Finished
637000259	Shewanella sp. MR-4	Bacteria	Finished
637000260	Shewanella sp. MR-7	Bacteria	Finished
637000261	Shigella boydii Sb227	Bacteria	Finished
637000263	Shigella flexneri 2a 2457T	Bacteria	Finished
637000264	Shigella flexneri 2a 301	Bacteria	Finished
637000265	Shigella flexneri 5 8401	Bacteria	Finished
637000267	Ruegeria pomeroyi DSS-3	Bacteria	Finished
637000268	Ruegeria sp. TM1040	Bacteria	Finished
637000269	Ensifer meliloti 1021	Bacteria	Finished
637000270	Sodalis glossinidius morsitans	Bacteria	Finished
637000271	Sphingopyxis alaskensis RB2256	Bacteria	Finished
637000272	Staphylococcus aureus RF122	Bacteria	Finished
637000273	Staphylococcus aureus aureus COL	Bacteria	Finished
637000274	Staphylococcus aureus aureus MRSA252	Bacteria	Finished
637000275	Staphylococcus aureus aureus MSSA476	Bacteria	Finished
637000276	Staphylococcus aureus aureus MW2	Bacteria	Finished
637000277	Staphylococcus aureus aureus M	Bacteria	Finished
637000278	Staphylococcus aureus aureus N315	Bacteria	Finished
637000279	Staphylococcus aureus aureus NCTC 8325	Bacteria	Finished
637000280	Staphylococcus aureus aureus USA300	Bacteria	Finished
637000281	Staphylococcus epidermidis ATCC 12228	Bacteria	Finished
637000282	Staphylococcus epidermidis RP62A	Bacteria	Finished
637000284	Staphylococcus saprophyticus saprophyticus ATCC 15305	Bacteria	Finished
637000285	Streptococcus agalactiae 2603V/R	Bacteria	Finished
637000286	Streptococcus agalactiae A909, ATCC BAA-1138	Bacteria	Finished
637000287	Streptococcus agalactiae NEM316	Bacteria	Finished
637000288	Streptococcus mutans UA159	Bacteria	Finished
637000289	Streptococcus pneumoniae R6	Bacteria	Finished
637000290	Streptococcus pneumoniae TIGR4	Bacteria	Finished
637000291	Streptococcus pyogenes M1, GAS SF370	Bacteria	Finished
637000292	Streptococcus pyogenes M2, MGAS10270	Bacteria	Finished
637000293	Streptococcus pyogenes M6, MGAS10394	Bacteria	Finished
637000294	Streptococcus pyogenes M4, MGAS10750	Bacteria	Finished
637000295	Streptococcus pyogenes M12, MGAS2096	Bacteria	Finished
637000296	Streptococcus pyogenes M3, MGAS315	Bacteria	Finished
637000297	Streptococcus pyogenes M1, MGAS5005	Bacteria	Finished
637000298	Streptococcus pyogenes M28, MGAS6180	Bacteria	Finished
637000299	Streptococcus pyogenes M18, MGAS8232	Bacteria	Finished
637000300	Streptococcus pyogenes M12, MGAS9429	Bacteria	Finished
637000301	Streptococcus pyogenes M3 (SSI-1)	Bacteria	Finished
637000302	Streptococcus thermophilus CNRZ1066	Bacteria	Finished
637000303	Streptococcus thermophilus LMG  18311	Bacteria	Finished
637000304	Streptomyces avermitilis MA-4680	Bacteria	Finished
637000305	Streptomyces coelicolor A3(2)	Bacteria	Finished
637000306	Symbiobacterium thermophilum IAM 14863	Bacteria	Finished
637000307	Synechococcus elongatus PCC 6301	Bacteria	Finished
637000308	Synechococcus elongatus PCC 7942	Bacteria	Finished
637000309	Prochlorococcus sp. CC9311	Bacteria	Finished
637000310	Prochlorococcus sp. CC9605	Bacteria	Finished
637000311	Prochlorococcus sp. CC9902	Bacteria	Finished
637000312	Synechococcus sp. JA-2-3B	Bacteria	Finished
637000313	Synechococcus sp. JA-3-3Ab	Bacteria	Finished
637000314	Prochlorococcus sp. WH8102	Bacteria	Finished
637000315	Synechocystis sp. PCC 6803	Bacteria	Finished
637000316	Syntrophomonas wolfei Goettingen, DSM 2245B	Bacteria	Finished
637000317	Syntrophus aciditrophicus SB	Bacteria	Finished
637000318	Thermoanaerobacter tengcongensis MB4T	Bacteria	Finished
637000319	Thermobifida fusca YX	Bacteria	Finished
637000320	Thermosynechococcus elongatus BP-1	Bacteria	Finished
637000321	Thermotoga maritima MSB8	Bacteria	Finished
637000322	Thermus thermophilus HB27	Bacteria	Finished
637000323	Thermus thermophilus HB8	Bacteria	Finished
637000324	Thiobacillus denitrificans ATCC 25259	Bacteria	Finished
637000325	Thiomicrospira crunogena XCL-2	Bacteria	Finished
637000326	Sulfurimonas denitrificans DSM 1251	Bacteria	Finished
637000327	Treponema denticola ATTC 35405	Bacteria	Finished
637000328	Treponema pallidum pallidum Nichols	Bacteria	Finished
637000329	Trichodesmium erythraeum IMS101	Bacteria	Finished
637000330	Tropheryma whipplei TW08/27	Bacteria	Finished
637000331	Tropheryma whipplei Twist	Bacteria	Finished
637000332	Ureaplasma parvum sv 3, ATCC 700970	Bacteria	Finished
637000333	Vibrio cholerae O1 bv El Tor, N16961	Bacteria	Finished
637000334	Vibrio fischeri ES114	Bacteria	Finished
637000335	Vibrio parahaemolyticus RIMD 2210633	Bacteria	Finished
637000336	Vibrio vulnificus CMCP6	Bacteria	Finished
637000337	Vibrio vulnificus YJ016	Bacteria	Finished
637000338	Wigglesworthia glossinidia endosymbiont of Glossina brevipalpis	Bacteria	Finished
637000339	Wolbachia endosymbiont of Drosophila melanogaster	Bacteria	Finished
637000340	Wolbachia endosymbiont TRS of Brugia malayi	Bacteria	Finished
637000341	Wolinella succinogenes DSM 1740	Bacteria	Finished
637000342	Xanthomonas axonopodis pv. citri 306	Bacteria	Finished
637000343	Xanthomonas campestris pv campestris 8004	Bacteria	Finished
637000344	Xanthomonas campestris pv campestris ATCC 33913	Bacteria	Finished
637000345	Xanthomonas campestris pv vesicatoria 85-10	Bacteria	Finished
637000346	Xanthomonas oryzae pv. oryzae KACC10331	Bacteria	Finished
637000347	Xanthomonas oryzae pv oryzae MAFF 311018	Bacteria	Finished
637000348	Xylella fastidiosa 9a5c	Bacteria	Finished
637000349	Xylella fastidiosa Temecula1	Bacteria	Finished
637000350	Yersinia pestis Antiqua	Bacteria	Finished
637000351	Yersinia pestis CO-92	Bacteria	Finished
637000352	Yersinia pestis KIM 10	Bacteria	Finished
637000353	Yersinia pestis Nepal516	Bacteria	Finished
637000354	Yersinia pestis bv Microtus 91001	Bacteria	Finished
637000355	Yersinia pseudotuberculosis IP 32953	Bacteria	Finished
637000356	Zymomonas mobilis mobilis ZM4	Bacteria	Finished
639279301	Agrobacterium tumefaciens C58-Cereon	Bacteria	Finished
639279302	Agrobacterium tumefaciens C58-UWash	Bacteria	Finished
639279303	Bacillus licheniformis DSM 13 Goettingen	Bacteria	Finished
639279304	Bacillus licheniformis DSM 13 Novozymes	Bacteria	Finished
639279306	Corynebacterium glutamicum Kalinowski ATCC 13032	Bacteria	Finished
639279307	Corynebacterium glutamicum Nakagawa ATCC 13032	Bacteria	Finished
639279308	Ehrlichia ruminantium Welgevonden, ARC-OVI	Bacteria	Finished
639279309	Ehrlichia ruminantium Welgevonden, CIRAD	Bacteria	Finished
639279310	Pseudomonas aeruginosa UCBPP-PA14	Bacteria	Finished
639279312	Rhodopseudomonas palustris BisA53	Bacteria	Finished
639633001	Acidothermus cellulolyticus 11B	Bacteria	Finished
639633002	Acidovorax avenae citrulli AAC00-1	Bacteria	Finished
639633003	Acidovorax sp. JS42	Bacteria	Finished
639633004	Aeromonas hydrophila hydrophila ATCC 7966	Bacteria	Finished
639633005	Arthrobacter aurescens TC1	Bacteria	Finished
639633006	Arthrobacter sp. FB24	Bacteria	Finished
639633007	Azoarcus sp. BH72	Bacteria	Finished
639633008	Bacillus thuringiensis Al Hakam	Bacteria	Finished
639633009	Bartonella bacilliformis KC583	Bacteria	Finished
639633010	Bifidobacterium adolescentis ATCC 15703	Bacteria	Finished
639633012	Buchnera aphidicola Bp	Bacteria	Finished
639633014	Burkholderia cenocepacia HI2424	Bacteria	Finished
639633015	Burkholderia mallei SAVP1	Bacteria	Finished
639633016	Campylobacter fetus fetus 82-40	Bacteria	Finished
639633017	Campylobacter jejuni jejuni 81-176	Bacteria	Finished
639633018	Candidatus Carsonella ruddii PV	Bacteria	Finished
639633019	Candidatus Ruthia magnifica Cm	Bacteria	Finished
639633020	Chlorobium phaeobacteroides DSM 266	Bacteria	Finished
639633021	Clostridium novyi NT	Bacteria	Finished
639633022	Desulfovibrio vulgaris vulgaris DP4	Bacteria	Finished
639633024	Francisella tularensis novicida U112	Bacteria	Finished
639633025	Gramella forsetii KT0803	Bacteria	Finished
639633026	Halorhodospira halophila SL1	Bacteria	Finished
639633027	Lactobacillus brevis ATCC 367	Bacteria	Finished
639633028	Lactobacillus casei ATCC 334	Bacteria	Finished
639633029	Lactobacillus delbrueckii bulgaricus ATCC BAA-365	Bacteria	Finished
639633030	Lactobacillus gasseri ATCC 33323	Bacteria	Finished
639633031	Lactococcus lactis cremoris SK11	Bacteria	Finished
639633032	Leptospira borgpetersenii sv Hardjo-bovis JB197	Bacteria	Finished
639633033	Leptospira borgpetersenii sv Hardjo-bovis L550	Bacteria	Finished
639633034	Leuconostoc mesenteroides mesenteroides ATCC 8293	Bacteria	Finished
639633035	Listeria welshimeri sv 6b, SLCC5334	Bacteria	Finished
639633036	Magnetococcus sp. MC-1	Bacteria	Finished
639633037	Marinobacter aquaeolei VT8	Bacteria	Finished
639633039	Mycobacterium avium 104	Bacteria	Finished
639633040	Mycobacterium bovis BCG Pasteur 1173P2	Bacteria	Finished
639633041	Mycobacterium smegmatis MC2 155	Bacteria	Finished
639633042	Mycobacterium sp. KMS	Bacteria	Finished
639633044	Mycobacterium vanbaalenii PYR-1	Bacteria	Finished
639633045	Neisseria meningitidis FAM18	Bacteria	Finished
639633046	Nocardioides sp. JS614	Bacteria	Finished
639633047	Oenococcus oeni PSU-1	Bacteria	Finished
639633048	Paracoccus denitrificans PD1222	Bacteria	Finished
639633049	Pediococcus pentosaceus ATCC 25745	Bacteria	Finished
639633050	Pelobacter propionicus DSM 2379	Bacteria	Finished
639633051	Polaromonas naphthalenivorans CJ2	Bacteria	Finished
639633052	Psychromonas ingrahamii 37	Bacteria	Finished
639633055	Rhizobium leguminosarum bv. viciae 3841	Bacteria	Finished
639633056	Roseobacter denitrificans OCh 114	Bacteria	Finished
639633057	Shewanella amazonensis SB2B	Bacteria	Finished
639633058	Shewanella sp. ANA-3	Bacteria	Finished
639633059	Shewanella sp. W3-18-1	Bacteria	Finished
639633060	Solibacter usitatus Ellin6076	Bacteria	Finished
639633061	Streptococcus pneumoniae D39	Bacteria	Finished
639633062	Streptococcus thermophilus LMD-9	Bacteria	Finished
639633063	Syntrophobacter fumaroxidans MPOB	Bacteria	Finished
639633065	Verminephrobacter eiseniae EF01-2	Bacteria	Finished
640069301	Acinetobacter baumannii ATCC 17978	Bacteria	Finished
640069302	Actinobacillus pleuropneumoniae L20	Bacteria	Finished
640069303	Burkholderia mallei NCTC 10229	Bacteria	Finished
640069304	Burkholderia mallei NCTC 10247	Bacteria	Finished
640069305	Burkholderia pseudomallei 1106a	Bacteria	Finished
640069306	Burkholderia pseudomallei 668	Bacteria	Finished
640069307	Burkholderia vietnamiensis G4	Bacteria	Finished
640069308	Clostridium difficile 630 (epidemic type X)	Bacteria	Finished
640069309	Clostridium thermocellum ATCC 27405	Bacteria	Finished
640069310	Desulfotomaculum reducens MI-1	Bacteria	Finished
640069311	Francisella tularensis tularensis A.II, Wyoming, WY96-3418	Bacteria	Finished
640069312	Geobacillus thermodenitrificans NG80-2	Bacteria	Finished
640069313	Herminiimonas arsenicoxydans ULPAs1	Bacteria	Finished
640069315	Lactococcus lactis cremoris MG1363	Bacteria	Finished
640069319	Methylibium petroleiphilum PM1	Bacteria	Finished
640069320	Mycobacterium sp. JLS	Bacteria	Finished
640069321	Prochlorococcus marinus AS9601	Bacteria	Finished
640069322	Prochlorococcus marinus MIT 9301	Bacteria	Finished
640069323	Prochlorococcus marinus MIT 9303	Bacteria	Finished
640069324	Prochlorococcus marinus MIT 9515	Bacteria	Finished
640069325	Prochlorococcus marinus NATL1A	Bacteria	Finished
640069327	Rhodobacter sphaeroides 2.4.1	Bacteria	Finished
640069328	Rhodobacter sphaeroides ATCC 17029	Bacteria	Finished
640069329	Saccharopolyspora erythraea NRRL 2338 white	Bacteria	Finished
640069330	Shewanella baltica OS155	Bacteria	Finished
640069331	Shewanella loihica PV-4	Bacteria	Finished
640069333	Streptococcus pyogenes Manfredo (M5)	Bacteria	Finished
640069334	Streptococcus sanguinis SK36	Bacteria	Finished
640069335	Yersinia enterocolitica enterocolitica 8081	Bacteria	Finished
640427101	Acidiphilium cryptum JF-5	Bacteria	Finished
640427103	Bradyrhizobium sp. BTAi1	Bacteria	Finished
640427104	Bradyrhizobium sp. ORS278	Bacteria	Finished
640427105	Brucella ovis ATCC 25840	Bacteria	Finished
640427106	Caldicellulosiruptor saccharolyticus DSM 8903	Bacteria	Finished
640427107	Candidatus Vesicomyosocius okutanii HA	Bacteria	Finished
640427108	Clavibacter michiganensis michiganensis NCPPB 382	Bacteria	Finished
640427109	Clostridium botulinum type A - Hall	Bacteria	Finished
640427110	Corynebacterium glutamicum R	Bacteria	Finished
640427111	Dehalococcoides sp. BAV1	Bacteria	Finished
640427112	Dichelobacter nodosus VCS1703A	Bacteria	Finished
640427113	Enterobacter sp. 638	Bacteria	Finished
640427115	Geobacter uraniireducens Rf4	Bacteria	Finished
640427116	Haemophilus influenzae NTHi PittEE	Bacteria	Finished
640427117	Haemophilus influenzae NTHi PittGG	Bacteria	Finished
640427118	Lactobacillus reuteri F275, JCM 1112	Bacteria	Finished
640427119	Legionella pneumophila Corby	Bacteria	Finished
640427122	Mycobacterium gilvum PYR-GCK	Bacteria	Finished
640427123	Mycobacterium tuberculosis F11 (ExPEC)	Bacteria	Finished
640427124	Mycobacterium tuberculosis H37Ra	Bacteria	Finished
640427125	Mycoplasma agalactiae PG2	Bacteria	Finished
640427126	Novosphingobium aromaticivorans DSM 12444	Bacteria	Finished
640427127	Orientia tsutsugamushi Boryong	Bacteria	Finished
640427128	Pelotomaculum thermopropionicum SI	Bacteria	Finished
640427129	Polynucleobacter necessarius asymbioticus QLW-P1DMWA-1	Bacteria	Finished
640427130	Chlorobium phaeovibrioides DSM 265	Bacteria	Finished
640427131	Pseudomonas mendocina ymp	Bacteria	Finished
640427132	Pseudomonas putida F1	Bacteria	Finished
640427133	Pseudomonas stutzeri A1501	Bacteria	Finished
640427134	Psychrobacter sp. PRwf-1	Bacteria	Finished
640427136	Ralstonia eutropha H16	Bacteria	Finished
640427137	Rhizobium etli CFN 42, DSM 11541	Bacteria	Finished
640427138	Rhodobacter sphaeroides ATCC 17025	Bacteria	Finished
640427139	Roseiflexus sp. RS-1	Bacteria	Finished
640427140	Salinispora tropica CNB-440	Bacteria	Finished
640427141	Shewanella putrefaciens CN-32	Bacteria	Finished
640427142	Shigella dysenteriae Sd197	Bacteria	Finished
640427143	Shigella sonnei Ss046	Bacteria	Finished
640427144	Sphingomonas wittichii RW1	Bacteria	Finished
640427145	Staphylococcus aureus aureus JH9	Bacteria	Finished
640427146	Streptococcus suis 05ZYH33	Bacteria	Finished
640427147	Streptococcus suis 98HAH33	Bacteria	Finished
640427148	Synechococcus sp. RCC307	Bacteria	Finished
640427149	Prochlorococcus sp. WH 7803	Bacteria	Finished
640427150	Thermotoga petrophila RKU-1	Bacteria	Finished
640427151	Vibrio cholerae O395	Bacteria	Finished
640427152	Yersinia pestis Pestoides F	Bacteria	Finished
640753001	Actinobacillus succinogenes 130Z	Bacteria	Finished
640753002	Alkaliphilus metalliredigens QYMF	Bacteria	Finished
640753003	Anaeromyxobacter sp. Fw109-5	Bacteria	Finished
640753004	Arcobacter butzleri RM4018	Bacteria	Finished
640753005	Bacillus amyloliquefaciens FZB42	Bacteria	Finished
640753006	Bacillus cereus cytotoxis NVH 391-98	Bacteria	Finished
640753007	Bacillus pumilus SAFR-032	Bacteria	Finished
640753008	Bacteroides vulgatus ATCC 8482	Bacteria	Finished
640753009	Campylobacter concisus 13826	Bacteria	Finished
640753010	Campylobacter curvus 525.92	Bacteria	Finished
640753011	Campylobacter hominis ATCC BAA-381	Bacteria	Finished
640753012	Campylobacter jejuni doylei 269.97	Bacteria	Finished
640753013	Campylobacter jejuni jejuni 81116	Bacteria	Finished
640753015	Citrobacter koseri ATCC BAA-895	Bacteria	Finished
640753016	Clostridium beijerinckii NCIMB 8052	Bacteria	Finished
640753017	Clostridium botulinum BoNT/A1, ATCC 19397	Bacteria	Finished
640753018	Clostridium botulinum BoNT/A1 Hall	Bacteria	Finished
640753019	Clostridium botulinum F Langeland	Bacteria	Finished
640753020	Clostridium kluyveri DSM 555	Bacteria	Finished
640753021	Coxiella burnetii Dugway 5J108-111	Bacteria	Finished
640753022	Cronobacter sakazakii ATCC BAA-894	Bacteria	Finished
640753023	Escherichia coli O1:K1:H7 (APEC)	Bacteria	Finished
640753024	Escherichia coli O139:H28 E24377A (ETEC)	Bacteria	Finished
640753025	Escherichia coli O9 HS	Bacteria	Finished
640753026	Fervidobacterium nodosum Rt17-B1	Bacteria	Finished
640753027	Flavobacterium psychrophilum JIP02/86	Bacteria	Finished
640753028	Francisella tularensis holarctica FTA (FTNF002-00)	Bacteria	Finished
640753030	Janthinobacterium sp. Marseille	Bacteria	Finished
640753031	Kineococcus radiotolerans SRS30216	Bacteria	Finished
640753032	Klebsiella pneumoniae pneumoniae MGH78578	Bacteria	Finished
640753033	Marinomonas sp. MWYL1	Bacteria	Finished
640753037	Nitratiruptor sp. SB155-2	Bacteria	Finished
640753038	Ochrobactrum anthropi ATCC 49188	Bacteria	Finished
640753039	Parabacteroides distasonis ATCC 8503	Bacteria	Finished
640753040	Parvibaculum lavamentivorans DS-1	Bacteria	Finished
640753041	Prochlorococcus marinus MIT 9215	Bacteria	Finished
640753042	Pseudomonas aeruginosa PA7	Bacteria	Finished
640753043	Rickettsia akari Hartford	Bacteria	Finished
640753044	Rickettsia bellii OSU 85-389	Bacteria	Finished
640753045	Rickettsia canadensis McKiel	Bacteria	Finished
640753046	Rickettsia rickettsii Sheila Smith	Bacteria	Finished
640753047	Roseiflexus castenholzii HLO8, DSM 13941	Bacteria	Finished
640753048	Serratia proteamaculans 568	Bacteria	Finished
640753049	Shewanella baltica OS185	Bacteria	Finished
640753050	Shewanella sediminis HAW-EB3	Bacteria	Finished
640753051	Ensifer medicae WSM419	Bacteria	Finished
640753052	Staphylococcus aureus aureus JH1	Bacteria	Finished
640753053	Staphylococcus aureus aureus Mu3	Bacteria	Finished
640753054	Staphylococcus aureus aureus Newman	Bacteria	Finished
640753055	Streptococcus gordonii Challis CH1	Bacteria	Finished
640753056	Sulfurovum sp. NBC37-1	Bacteria	Finished
640753057	Thermosipho melanesiensis BI429	Bacteria	Finished
640753058	Vibrio harveyi BB120, ATCC BAA-1116	Bacteria	Finished
640753059	Xanthobacter autotrophicus Py2	Bacteria	Finished
640753060	Yersinia pseudotuberculosis IP 31758	Bacteria	Finished
641228474	Acaryochloris marina MBIC11017	Bacteria	Finished
641228475	Alkaliphilus oremlandii OhILAs	Bacteria	Finished
641228476	Azorhizobium caulinodans ORS 571	Bacteria	Finished
641228477	Bacillus weihenstephanensis KBAB4	Bacteria	Finished
641228478	Bartonella tribocorum CIP 105476	Bacteria	Finished
641228479	Bordetella petrii Se-1111R, DSM 12804	Bacteria	Finished
641228480	Brucella canis ATCC 23365	Bacteria	Finished
641228481	Brucella suis ATCC 23445	Bacteria	Finished
641228482	Burkholderia multivorans ATCC 17616	Bacteria	Finished
641228484	Candidatus Sulcia muelleri GWSS	Bacteria	Finished
641228485	Chloroflexus aurantiacus J-10-fl	Bacteria	Finished
641228486	Clostridium phytofermentans ISDg	Bacteria	Finished
641228487	Coxiella burnetii RSA 331	Bacteria	Finished
641228488	Deinococcus geothermalis DSM 11300	Bacteria	Finished
641228489	Delftia acidovorans SPH-1	Bacteria	Finished
641228490	Desulfococcus oleovorans Hxd3	Bacteria	Finished
641228491	Dinoroseobacter shibae DFL-12, DSM 16493	Bacteria	Finished
641228492	Frankia sp. EAN1pec	Bacteria	Finished
641228493	Gluconacetobacter diazotrophicus PAl 5, DSM 5601	Bacteria	Finished
641228494	Herpetosiphon aurantiacus DSM 785	Bacteria	Finished
641228495	Lactobacillus helveticus DPC 4571	Bacteria	Finished
641228497	Methylobacterium extorquens PA1	Bacteria	Finished
641228498	Neisseria meningitidis 053442	Bacteria	Finished
641228500	Petrotoga mobilis SJ95	Bacteria	Finished
641228501	Prochlorococcus marinus MIT 9211	Bacteria	Finished
641228502	Renibacterium salmoninarum ATCC 33209	Bacteria	Finished
641228503	Rickettsia massiliae MTU5	Bacteria	Finished
641228504	Salinispora arenicola CNS-205	Bacteria	Finished
641228505	Salmonella enterica arizonae sv 62:z4,z23 RSK2980	Bacteria	Finished
641228506	Salmonella enterica enterica sv Paratyphi B, SPB7	Bacteria	Finished
641228507	Shewanella baltica OS195	Bacteria	Finished
641228508	Shewanella pealeana ANG-SQ1, ATCC 700345	Bacteria	Finished
641228509	Sorangium cellulosum So ce 56	Bacteria	Finished
641228511	Thermotoga lettingae TMO	Bacteria	Finished
641228512	Yersinia pestis Angola	Bacteria	Finished
641522601	Acholeplasma laidlawii PG-8A	Bacteria	Finished
641522602	Acinetobacter baumannii AYE	Bacteria	Finished
641522603	Acinetobacter baumannii SDF	Bacteria	Finished
641522604	Actinobacillus pleuropneumoniae sv 3 JL03	Bacteria	Finished
641522605	Aeromonas salmonicida salmonicida A449	Bacteria	Finished
641522606	Beijerinckia indica indica ATCC 9039	Bacteria	Finished
641522607	Bordetella avium 197N	Bacteria	Finished
641522608	Burkholderia ambifaria MC40-6	Bacteria	Finished
641522609	Burkholderia cenocepacia MC0-3	Bacteria	Finished
641522610	Candidatus Desulforudis audaxviator MP104C	Bacteria	Finished
641522612	Caulobacter sp. K31	Bacteria	Finished
641522617	Clostridium botulinum BoNT/A3 Loch Maree	Bacteria	Finished
641522618	Clostridium botulinum B Eklund 17B	Bacteria	Finished
641522619	Clostridium botulinum BoNT/B1 Okra	Bacteria	Finished
641522620	Corynebacterium urealyticum DSM 7109	Bacteria	Finished
641522622	Cyanothece sp. BH68, ATCC 51142	Bacteria	Finished
641522623	Escherichia coli C ATCC 8739	Bacteria	Finished
641522624	Escherichia coli SECEC SMS-3-5	Bacteria	Finished
641522625	Escherichia coli DH10B	Bacteria	Finished
641522626	Exiguobacterium sibiricum 255-15, DSM 17290	Bacteria	Finished
641522627	Finegoldia magna ATCC 29328	Bacteria	Finished
641522628	Francisella philomiragia philomiragia ATCC 25017	Bacteria	Finished
641522629	Francisella tularensis mediasiatica FSC147	Bacteria	Finished
641522630	Histophilus somni 2336	Bacteria	Finished
641522632	Heliobacterium modesticaldum Ice1	Bacteria	Finished
641522633	Lactobacillus fermentum IFO 3956	Bacteria	Finished
641522635	Leptothrix cholodnii SP-6	Bacteria	Finished
641522636	Leuconostoc citreum KM20	Bacteria	Finished
641522637	Lysinibacillus sphaericus C3-41	Bacteria	Finished
641522638	Methylobacterium radiotolerans JCM 2831	Bacteria	Finished
641522639	Methylobacterium sp. 4-46	Bacteria	Finished
641522640	Microcystis aeruginosa NIES-843	Bacteria	Finished
641522641	Mycobacterium abscessus CIP 104536	Bacteria	Finished
641522642	Mycobacterium marinum M, ATCC BAA-535	Bacteria	Finished
641522643	Opitutus terrae PB90-1	Bacteria	Finished
641522644	Polynucleobacter necessarius necessarius STIR1	Bacteria	Finished
641522645	Pseudomonas putida GB-1	Bacteria	Finished
641522646	Pseudomonas putida W619	Bacteria	Finished
641522647	Rickettsia rickettsii Iowa	Bacteria	Finished
641522648	Shewanella halifaxensis HAW-EB4	Bacteria	Finished
641522649	Shewanella woodyi MS32, ATCC 51908	Bacteria	Finished
641522650	Shigella boydii BS512, CDC 3083-94	Bacteria	Finished
641522651	Streptococcus pneumoniae CGSP14	Bacteria	Finished
641522652	Streptococcus pneumoniae Hungary19A-6	Bacteria	Finished
641522653	Streptomyces griseus griseus NBRC 13350	Bacteria	Finished
641522654	Synechococcus sp. PCC 7002	Bacteria	Finished
641522655	Thermoanaerobacter pseudethanolicus 39E, ATCC 33223	Bacteria	Finished
641522656	Thermoanaerobacter sp. X514	Bacteria	Finished
641522658	Ureaplasma parvum sv 3, ATCC 27815	Bacteria	Finished
641522659	Xylella fastidiosa M12	Bacteria	Finished
641522660	Xylella fastidiosa M23	Bacteria	Finished
641522661	Yersinia pseudotuberculosis YPIII	Bacteria	Finished
642487181	Thermotoga sp. RQ2	Bacteria	Finished
642555101	Acidithiobacillus ferrooxidans ATCC 53993	Bacteria	Finished
642555102	Acinetobacter baumannii ACICU	Bacteria	Finished
642555103	Actinobacillus pleuropneumoniae sv 7 AP76	Bacteria	Finished
642555104	Akkermansia muciniphila ATCC BAA-835	Bacteria	Finished
642555105	Alteromonas macleodii Deep ecotype, DSM 17117	Bacteria	Finished
642555106	Anaeromyxobacter sp K	Bacteria	Finished
642555107	Bifidobacterium longum DJO10A	Bacteria	Finished
642555108	Borrelia hermsii DAH	Bacteria	Finished
642555109	Borrelia turicatae 91E135	Bacteria	Finished
642555110	Brucella abortus S19	Bacteria	Finished
642555111	Burkholderia multivorans ATCC 17616	Bacteria	Finished
642555112	Burkholderia phymatum STM815	Bacteria	Finished
642555113	Burkholderia phytofirmans PsJN	Bacteria	Finished
642555114	Candidatus Amoebophilus asiaticus 5a2	Bacteria	Finished
642555115	Candidatus Cloacamonas acidaminovorans	Bacteria	Finished
642555116	Candidatus Kuenenia stuttgartiensis	Bacteria	Finished
642555117	Candidatus Phytoplasma australiense	Bacteria	Finished
642555118	Candidatus Phytoplasma mali AT	Bacteria	Finished
642555119	Cellvibrio japonicus Ueda107	Bacteria	Finished
642555120	Chlorobaculum parvum NCIB 8327	Bacteria	Finished
642555121	Chlorobium limicola DSM 245	Bacteria	Finished
642555122	Chlorobium phaeobacteroides BS1	Bacteria	Finished
642555123	Chloroherpeton thalassium ATCC 35110	Bacteria	Finished
642555124	Clavibacter michiganensis sepedonicus ATCC 33113	Bacteria	Finished
642555125	Clostridium botulinum E3 Alaska E43	Bacteria	Finished
642555126	Clostridium perfringens SM101	Bacteria	Finished
642555127	Elusimicrobium minutum Pei191	Bacteria	Finished
642555128	Erwinia tasmaniensis Et1/99	Bacteria	Finished
642555129	Geobacter bemidjiensis Bem, DSM 16622	Bacteria	Finished
642555130	Geobacter lovleyi SZ	Bacteria	Finished
642555131	Helicobacter pylori Shi470	Bacteria	Finished
642555132	Hydrogenobaculum sp. Y04AAS1	Bacteria	Finished
642555133	Kocuria rhizophila DC2201	Bacteria	Finished
642555134	Lactobacillus casei casei BL23	Bacteria	Finished
642555135	Lactobacillus reuteri F275, JCM 1112	Bacteria	Finished
642555136	Leptospira biflexa Patoc 1 (Ames)	Bacteria	Finished
642555137	Leptospira biflexa Patoc 1 (Paris)	Bacteria	Finished
642555138	Methylacidiphilum infernorum V4	Bacteria	Finished
642555139	Methylobacterium populi BJ001	Bacteria	Finished
642555140	Mycobacterium ulcerans Agy99	Bacteria	Finished
642555141	Mycoplasma arthritidis 158L3-1	Bacteria	Finished
642555142	Natranaerobius thermophilus JW/NM-WN-LF	Bacteria	Finished
642555143	Neisseria gonorrhoeae NCCP11945	Bacteria	Finished
642555144	Nostoc punctiforme PCC 73102	Bacteria	Finished
642555145	Orientia tsutsugamushi Ikeda	Bacteria	Finished
642555146	Pelodictyon phaeoclathratiforme BU-1	Bacteria	Finished
642555147	Phenylobacterium zucineum HLK1	Bacteria	Finished
642555148	Porphyromonas gingivalis ATCC 33277	Bacteria	Finished
642555149	Prosthecochloris aestuarii SK413, DSM 271	Bacteria	Finished
642555150	Proteus mirabilis HI4320	Bacteria	Finished
642555151	Ralstonia pickettii 12J	Bacteria	Finished
642555152	Rhizobium etli CIAT 652	Bacteria	Finished
642555153	Rhodopseudomonas palustris TIE-1	Bacteria	Finished
642555154	Salmonella enterica Agona SL483	Bacteria	Finished
642555155	Salmonella enterica sv Dublin CT_02021853	Bacteria	Finished
642555156	Salmonella enterica sv Heidelberg SL476, CVM30485	Bacteria	Finished
642555157	Salmonella enterica sv Newport SL254	Bacteria	Finished
642555158	Salmonella enterica sv Paratyphi A AKU_12601	Bacteria	Finished
642555159	Salmonella enterica sv Schwarzengrund CVM19633	Bacteria	Finished
642555160	Staphylococcus haemolyticus JCSC1435	Bacteria	Finished
642555161	Stenotrophomonas maltophilia K279a	Bacteria	Finished
642555162	Stenotrophomonas maltophilia R551-3	Bacteria	Finished
642555163	Streptococcus equi zooepidemicus MGCS10565	Bacteria	Finished
642555164	Streptococcus pneumoniae G54 (MLST ST63)	Bacteria	Finished
642555165	Sulfurihydrogenibium sp. YO3AOP1	Bacteria	Finished
642555166	Treponema pallidum pallidum SS14	Bacteria	Finished
642555167	Vibrio fischeri MJ11	Bacteria	Finished
642555168	Wolbachia endosymbiont of Culex quinquefasciatus Pel	Bacteria	Finished
642555169	Xanthomonas campestris pv campestris B100	Bacteria	Finished
642555170	Xanthomonas oryzae pv. oryzae PXO99A	Bacteria	Finished
642555171	Yersinia pseudotuberculosis PB1/+	Bacteria	Finished
642555172	Candidatus Endomicrobium sp. Rs-D17	Bacteria	Finished
643348501	Acidithiobacillus ferrooxidans ATCC 23270	Bacteria	Finished
643348502	Acinetobacter baumannii AB0057	Bacteria	Finished
643348503	Acinetobacter baumannii AB307-0294	Bacteria	Finished
643348504	Rhizobium rhizogenes K84	Bacteria	Finished
643348505	Agrobacterium vitis S4	Bacteria	Finished
643348506	Aliivibrio salmonicida LFI1238	Bacteria	Finished
643348507	Anaeromyxobacter dehalogenans 2CP-1	Bacteria	Finished
643348508	Anoxybacillus flavithermus WK1, DSM 2641	Bacteria	Finished
643348509	Arthrobacter chlorophenolicus A6	Bacteria	Finished
643348510	Bacillus cereus AH187 (F4810/72)	Bacteria	Finished
643348511	Bacillus cereus AH820	Bacteria	Finished
643348512	Bacillus cereus B4264	Bacteria	Finished
643348513	Bacillus cereus G9842	Bacteria	Finished
643348514	Bacillus cereus Q1	Bacteria	Finished
643348515	Bifidobacterium animalis lactis AD011	Bacteria	Finished
643348516	Bifidobacterium longum infantis ATCC 15697	Bacteria	Finished
643348517	Borrelia burgdorferi ZS7	Bacteria	Finished
643348518	Borrelia duttonii Ly	Bacteria	Finished
643348519	Borrelia recurrentis A1	Bacteria	Finished
643348520	Buchnera aphidicola 5A	Bacteria	Finished
643348521	Buchnera aphidicola Cc	Bacteria	Finished
643348522	Buchnera aphidicola Tuc7	Bacteria	Finished
643348523	Burkholderia cenocepacia J2315	Bacteria	Finished
643348524	Candidatus Azobacteroides pseudotrichonymphae gv. CFP2	Bacteria	Finished
643348526	Caulobacter crescentus NA1000	Bacteria	Finished
643348527	Chloroflexus aggregans DSM 9485	Bacteria	Finished
643348528	Clostridium cellulolyticum H10	Bacteria	Finished
643348529	Clostridium kluyveri NBRC 12016	Bacteria	Finished
643348530	Coprothermobacter proteolyticus DSM 5265	Bacteria	Finished
643348531	Coxiella burnetii CbuG_Q212	Bacteria	Finished
643348532	Coxiella burnetii CbuK_Q154	Bacteria	Finished
643348533	Cyanothece sp. PCC 7424	Bacteria	Finished
643348534	Cyanothece sp. PCC 7425	Bacteria	Finished
643348535	Cyanothece sp. PCC 8801	Bacteria	Finished
643348536	Desulfatibacillum alkenivorans AK-01	Bacteria	Finished
643348537	Desulfitobacterium hafniense DCB-2	Bacteria	Finished
643348538	Desulfovibrio desulfuricans desulfuricans ATCC 27774	Bacteria	Finished
643348539	Desulfovibrio vulgaris Miyazaki F	Bacteria	Finished
643348541	Acidovorax ebreus TPSY	Bacteria	Finished
643348542	Dictyoglomus thermophilum H-6-12, ATCC 35947	Bacteria	Finished
643348543	Dictyoglomus turgidum DSM 6724	Bacteria	Finished
643348544	Escherichia coli 55989	Bacteria	Finished
643348545	Escherichia coli O81 ED1a	Bacteria	Finished
643348546	Escherichia coli IAI1	Bacteria	Finished
643348547	Escherichia coli IAI39	Bacteria	Finished
643348548	Escherichia coli O127:H6 E2348/69 (EPEC)	Bacteria	Finished
643348549	Escherichia coli O157:H7 EC4115	Bacteria	Finished
643348551	Escherichia coli SE11	Bacteria	Finished
643348554	Geobacter sp. FRC-32	Bacteria	Finished
643348555	Gluconacetobacter diazotrophicus PAl 5, DSM 5601	Bacteria	Finished
643348556	Haemophilus parasuis SH0165	Bacteria	Finished
643348557	Halothermothrix orenii H 168	Bacteria	Finished
643348558	Helicobacter pylori G27	Bacteria	Finished
643348559	Helicobacter pylori P12	Bacteria	Finished
643348560	Klebsiella pneumoniae 342	Bacteria	Finished
643348561	Listeria monocytogenes HCC23	Bacteria	Finished
643348562	Macrococcus caseolyticus JCSC5402	Bacteria	Finished
643348563	Methylobacterium chloromethanicum CM4	Bacteria	Finished
643348564	Methylobacterium nodulans ORS 2060	Bacteria	Finished
643348565	Methylocella silvestris BL2, DSM 15510	Bacteria	Finished
643348566	Mycobacterium leprae Br4923	Bacteria	Finished
643348568	Pseudomonas aeruginosa LESB58	Bacteria	Finished
643348569	Rhizobium leguminosarum bv. trifolii WSM2304	Bacteria	Finished
643348570	Rhodobacter sphaeroides KD131	Bacteria	Finished
643348571	Rhodocista centenaria SW	Bacteria	Finished
643348572	Salmonella enterica enterica sv Enteritidis P125109	Bacteria	Finished
643348573	Salmonella enterica enterica sv Gallinarum 287/91	Bacteria	Finished
643348574	Shewanella baltica OS223	Bacteria	Finished
643348575	Shewanella piezotolerans WP3	Bacteria	Finished
643348576	Streptococcus pneumoniae 23F ST81, ATCC 700669	Bacteria	Finished
643348577	Streptococcus pyogenes M49, NZ131	Bacteria	Finished
643348578	Streptococcus uberis 0140J	Bacteria	Finished
643348581	Thermodesulfovibrio yellowstonii DSM 11347	Bacteria	Finished
643348582	Thermomicrobium roseum DSM 5159	Bacteria	Finished
643348583	Thermosipho africanus TCF52B	Bacteria	Finished
643348584	Thermotoga neapolitana DSM 4359	Bacteria	Finished
643348585	Thioalkalivibrio sp. HL-EbGR7	Bacteria	Finished
643348586	Ureaplasma urealyticum Western sv 10, ATCC 33699	Bacteria	Finished
643348587	Vibrio splendidus LGP32	Bacteria	Finished
643692001	Acidobacterium capsulatum ATCC 51196	Bacteria	Finished
643692002	Caldicellulosiruptor bescii Z-1320, DSM 6725	Bacteria	Finished
643692003	Anaplasma marginale Florida	Bacteria	Finished
643692004	Azotobacter vinelandii DJ, ATCC BAA-1303	Bacteria	Finished
643692005	Bacillus anthracis A0248	Bacteria	Finished
643692006	Bacillus anthracis CDC 684	Bacteria	Finished
643692007	Bacillus cereus 03BB102	Bacteria	Finished
643692008	Beutenbergia cavernae HKI 0122, DSM 12333	Bacteria	Finished
643692009	Borrelia garinii PBi	Bacteria	Finished
643692010	Brachyspira hyodysenteriae WA1, ATCC 49526	Bacteria	Finished
643692011	Brevibacillus brevis NBRC 100599	Bacteria	Finished
643692012	Brucella melitensis ATCC 23457	Bacteria	Finished
643692013	Burkholderia glumae BGR1	Bacteria	Finished
643692014	Campylobacter lari RM2100	Bacteria	Finished
643692015	Chloroflexus sp. Y-400-fl	Bacteria	Finished
643692016	Clostridium botulinum A2 Kyoto-F	Bacteria	Finished
643692017	Clostridium botulinum Ba4 657	Bacteria	Finished
643692018	Corynebacterium aurimucosum CN-1, ATCC 700975	Bacteria	Finished
643692019	Corynebacterium kroppenstedtii DSM 44385	Bacteria	Finished
643692020	Deinococcus deserti VCD115	Bacteria	Finished
643692021	Desulfobacterium autotrophicum HRM2, DSM 3382	Bacteria	Finished
643692022	Escherichia fergusonii UMN026, ATCC 35469	Bacteria	Finished
643692023	Exiguobacterium sp. AT1b	Bacteria	Finished
643692024	Gemmatimonas aurantiaca T-27T	Bacteria	Finished
643692026	Laribacter hongkongensis HLHK9	Bacteria	Finished
643692027	Listeria monocytogenes 4b CLIP 80459	Bacteria	Finished
643692028	Mycobacterium bovis BCG Tokyo 172	Bacteria	Finished
643692029	Nautilia profundicola Am-H	Bacteria	Finished
643692030	Persephonella marina EX-H1	Bacteria	Finished
643692031	Pseudomonas fluorescens SBW25	Bacteria	Finished
643692032	Rhizobium sp. NGR234 (ANU265)	Bacteria	Finished
643692033	Rhodococcus erythropolis PR4	Bacteria	Finished
643692035	Salmonella enterica Paratyphi C RKS4594	Bacteria	Finished
643692036	Staphylococcus aureus aureus USA300_TCH1516	Bacteria	Finished
643692037	Staphylococcus carnosus carnosus TM300	Bacteria	Finished
643692038	Streptococcus equi equi 4047	Bacteria	Finished
643692039	Streptococcus equi zooepidemicus H70	Bacteria	Finished
643692040	Streptococcus pneumoniae 70585	Bacteria	Finished
643692041	Streptococcus pneumoniae JJA	Bacteria	Finished
643692042	Streptococcus pneumoniae P1031	Bacteria	Finished
643692043	Streptococcus pneumoniae Taiwan19F-14	Bacteria	Finished
643692050	Sulfurihydrogenibium azorense Az-Fu1	Bacteria	Finished
643692051	Thauera sp. MZ1T	Bacteria	Finished
643692052	Tolumonas auensis TA 4, DSM 9187	Bacteria	Finished
643692053	Vibrio cholerae M66-2	Bacteria	Finished
643692054	Vibrio cholerae MJ-1236	Bacteria	Finished
643692055	Wolbachia sp. wRi	Bacteria	Finished
644736321	Acetobacter pasteurianus IFO 3283-01	Bacteria	Finished
644736322	Acidimicrobium ferrooxidans ICP, DSM 10331	Bacteria	Finished
644736323	Actinosynnema mirum 101, DSM 43827	Bacteria	Finished
644736324	Aggregatibacter aphrophilus NJ8700	Bacteria	Finished
644736325	Alicyclobacillus acidocaldarius acidocaldarius 104-IA, DSM 446	Bacteria	Finished
644736326	Anaerococcus prevotii PC 1, DSM 20548	Bacteria	Finished
644736327	Atopobium parvulum IPP 1246, DSM 20469	Bacteria	Finished
644736328	Bartonella grahamii as4aup	Bacteria	Finished
644736329	Bifidobacterium animalis lactis Bl-04, ATCC SD5219	Bacteria	Finished
644736330	Bifidobacterium animalis lactis DSM 10140	Bacteria	Finished
644736331	Brachybacterium faecium 6-10, DSM 4810	Bacteria	Finished
644736332	Brucella microti CCM 4915	Bacteria	Finished
644736333	Candidatus Accumulibacter phosphatis Type IIA UW-1	Bacteria	Finished
644736334	Candidatus Hamiltonella defensa 5AT	Bacteria	Finished
644736335	Candidatus Hodgkinia cicadicola Dsem	Bacteria	Finished
644736336	Candidatus Liberibacter asiaticus psy62	Bacteria	Finished
644736337	Candidatus Sulcia muelleri SMDSEM	Bacteria	Finished
644736338	Capnocytophaga ochracea VPI 2845, DSM 7271	Bacteria	Finished
644736339	Catenulispora acidiphila ID139908, DSM 44928	Bacteria	Finished
644736340	Chitinophaga pinensis UQM 2034, DSM 2588	Bacteria	Finished
644736341	Chlamydia trachomatis L2/434/BU	Bacteria	Finished
644736342	Chlamydia trachomatis B/Jali20/OT	Bacteria	Finished
644736343	Chlamydia trachomatis B/TZ1A828/OT	Bacteria	Finished
644736344	Chlamydia trachomatis L2b/UCH-1/proctitis	Bacteria	Finished
644736345	Corynebacterium efficiens YS-314	Bacteria	Finished
644736346	Cryptobacterium curtum 12-3, DSM 15641	Bacteria	Finished
644736347	Cupriavidus taiwanensis LMG 19424	Bacteria	Finished
644736348	Cyanothece sp. PCC 8802	Bacteria	Finished
644736349	Desulfohalobium retbaense HR100, DSM 5692	Bacteria	Finished
644736350	Desulfomicrobium baculatum X, DSM 4028	Bacteria	Finished
644736351	Desulfotomaculum acetoxidans 5575, DSM 771	Bacteria	Finished
644736352	Desulfovibrio magneticus RS-1	Bacteria	Finished
644736353	Desulfovibrio salexigens DSM 2638	Bacteria	Finished
644736354	Dickeya dadantii Ech703	Bacteria	Finished
644736355	Dickeya zeae Ech1591	Bacteria	Finished
644736356	Dyadobacter fermentans NS114, DSM 18053	Bacteria	Finished
644736357	Edwardsiella ictaluri 93-146	Bacteria	Finished
644736358	Eggerthella lenta VPI 0255, DSM 2243	Bacteria	Finished
644736359	Escherichia coli B REL606	Bacteria	Finished
644736361	Escherichia coli BL21(DE3)	Bacteria	Finished
644736362	Escherichia coli BW2952	Bacteria	Finished
644736363	Escherichia coli O157:H7 TW14359	Bacteria	Finished
644736364	Escherichia coli O45:K1 S88	Bacteria	Finished
644736365	Escherichia coli O17:K52:H18 UMN026	Bacteria	Finished
644736366	Eubacterium eligens ATCC 27750	Bacteria	Finished
644736367	Eubacterium rectale ATCC 33656	Bacteria	Finished
644736368	Flavobacteriaceae bacterium 3519-10	Bacteria	Finished
644736369	Flavobacterium johnsoniae UW101, ATCC 17061	Bacteria	Finished
644736370	Geobacillus sp. WCH70	Bacteria	Finished
644736371	Geobacter sp. M21	Bacteria	Finished
644736374	Helicobacter pylori B38	Bacteria	Finished
644736375	Hirschia baltica ATCC 49814	Bacteria	Finished
644736376	Jonesia denitrificans 55134, DSM 20603	Bacteria	Finished
644736377	Kangiella koreensis SW-125, DSM 16069	Bacteria	Finished
644736379	Kosmotoga olearia TBF 19.5.1	Bacteria	Finished
644736380	Kytococcus sedentarius 541, DSM 20547	Bacteria	Finished
644736381	Lactobacillus plantarum JDM1	Bacteria	Finished
644736382	Lactobacillus rhamnosus GG	Bacteria	Finished
644736383	Lactobacillus rhamnosus Lc 705	Bacteria	Finished
644736384	Leptotrichia buccalis C-1013-b, DSM 1135	Bacteria	Finished
644736386	Methylobacterium extorquens AM1	Bacteria	Finished
644736387	Methylobacterium extorquens DM4	Bacteria	Finished
644736388	Methylotenera mobilis JLW8	Bacteria	Finished
644736389	Methylovorus glucosetrophus SIP3-4	Bacteria	Finished
644736390	Micrococcus luteus Fleming NCTC 2665	Bacteria	Finished
644736391	Mycobacterium tuberculosis KZN 1435 (MDR)	Bacteria	Finished
644736392	Mycoplasma conjunctivae HRC/581	Bacteria	Finished
644736393	Nakamurella multipartita Y-104, DSM 44233	Bacteria	Finished
644736394	Neisseria meningitidis ST-53 a-14	Bacteria	Finished
644736395	Neorickettsia risticii Illinois	Bacteria	Finished
644736396	Paenibacillus sp. JDR-2	Bacteria	Finished
644736397	Pectobacterium carotovorum carotovorum PC1	Bacteria	Finished
644736398	Pedobacter heparinus HIM 762-3, DSM 2366	Bacteria	Finished
644736399	Photorhabdus asymbiotica asymbiotica ATCC 43949	Bacteria	Finished
644736400	Ralstonia pickettii 12D	Bacteria	Finished
644736401	Rhizobium leguminosarum bv. trifolii WSM1325	Bacteria	Finished
644736402	Rickettsia africae ESF-5	Bacteria	Finished
644736403	Rickettsia peacockii Rustic	Bacteria	Finished
644736404	Saccharomonospora viridis P101, DSM 43017	Bacteria	Finished
644736405	Slackia heliotrinireducens RHS 1, DSM 20476	Bacteria	Finished
644736406	Streptococcus dysgalactiae equisimilis GGS_124	Bacteria	Finished
644736407	Streptococcus suis BM407	Bacteria	Finished
644736408	Streptococcus suis P1/7	Bacteria	Finished
644736409	Streptococcus suis SC84	Bacteria	Finished
644736410	Teredinibacter turnerae T7901	Bacteria	Finished
644736413	Variovorax paradoxus S110	Bacteria	Finished
646311901	Acidaminococcus fermentans VR4, DSM 20731	Bacteria	Finished
646311904	Ammonifex degensii KC4	Bacteria	Finished
646311905	Anaplasma centrale Israel	Bacteria	Finished
646311907	Azospirillum sp. B510	Bacteria	Finished
646311908	Bacillus pseudofirmus OF4	Bacteria	Finished
646311909	Bacillus subtilis subtilis 168	Bacteria	Finished
646311910	Bifidobacterium dentium Bd1	Bacteria	Finished
646311912	Blattabacterium sp. BPLAN	Bacteria	Finished
646311913	Citrobacter rodentium ICC168	Bacteria	Finished
646311914	Clostridium difficile CD196	Bacteria	Finished
646311915	Clostridium difficile R20291	Bacteria	Finished
646311917	Conexibacter woesei ID131577, DSM 14684	Bacteria	Finished
646311918	Cronobacter turicensis z3032	Bacteria	Finished
646311919	Dehalococcoides sp. VS	Bacteria	Finished
646311920	Dickeya dadantii Ech586	Bacteria	Finished
646311921	Edwardsiella tarda EIB202	Bacteria	Finished
646311923	Escherichia coli O103:H2 12009	Bacteria	Finished
646311924	Escherichia coli O111:H 11128	Bacteria	Finished
646311926	Escherichia coli K-12, MG1655	Bacteria	Finished
646311927	Fibrobacter succinogenes succinogenes S85, ATCC 19169	Bacteria	Finished
646311928	Gardnerella vaginalis 409-05	Bacteria	Finished
646311929	Paenibacillus sp. Y412MC10	Bacteria	Finished
646311930	Geobacillus sp. Y412MC61	Bacteria	Finished
646311931	Geodermatophilus obscurus G-20, DSM 43160	Bacteria	Finished
646311932	Gordonia bronchialis 3410, DSM 43247	Bacteria	Finished
646311933	Haliangium ochraceum SMP-2, DSM 14365	Bacteria	Finished
646311935	Halothiobacillus neapolitanus c2, ATCC 23641	Bacteria	Finished
646311936	Hydrogenobacter thermophilus TK-6, DSM 6534	Bacteria	Finished
646311937	Klebsiella variicola At-22	Bacteria	Finished
646311938	Kribbella flavida IFO 14399, DSM 17836	Bacteria	Finished
646311940	Lactococcus lactis lactis KF147	Bacteria	Finished
646311941	Listeria monocytogenes 08-5578	Bacteria	Finished
646311942	Listeria monocytogenes 08-5923	Bacteria	Finished
646311946	Mycoplasma hominis PG21, ATCC 23114	Bacteria	Finished
646311947	Pectobacterium wasabiae WPP163	Bacteria	Finished
646311948	Pirellula staleyi DSM 6068	Bacteria	Finished
646311949	Rhodothermus marinus R-10, DSM 4252	Bacteria	Finished
646311950	Robiginitalea biformata HTCC2501	Bacteria	Finished
646311951	Rothia mucilaginosa DY-18	Bacteria	Finished
646311952	Sebaldella termitidis ATCC 33386	Bacteria	Finished
646311953	Sphaerobacter thermophilus 4ac11, DSM 20745	Bacteria	Finished
646311954	Spirosoma linguale DSM 74	Bacteria	Finished
646311955	Staphylococcus aureus aureus ED98	Bacteria	Finished
646311956	Streptobacillus moniliformis 9901, DSM 12112	Bacteria	Finished
646311957	Streptococcus gallolyticus UCN34	Bacteria	Finished
646311958	Streptosporangium roseum NI 9100, DSM 43021	Bacteria	Finished
646311960	Sulfurospirillum deleyianum 5175, DSM 6946	Bacteria	Finished
646311961	Thermanaerovibrio acidaminovorans Su883, DSM 6589	Bacteria	Finished
646311962	Thermobaculum terrenum YNP1, ATCC BAA-798	Bacteria	Finished
646311963	Thermomonospora curvata DSM 43183	Bacteria	Finished
646311964	Thermotoga naphthophila RKU-10	Bacteria	Finished
646311965	Veillonella parvula Te3, DSM 2008	Bacteria	Finished
646311966	Vibrio sp. Ex25	Bacteria	Finished
646311967	Xanthomonas albilineans GPE PC73	Bacteria	Finished
646311968	Xylanimonas cellulosilytica XIL07, DSM 15894	Bacteria	Finished
646311969	Zymomonas mobilis mobilis NCIB 11163	Bacteria	Finished
646311970	Cyanobacterium sp. UCYN-A	Bacteria	Finished
646564502	Allochromatium vinosum DSM 180	Bacteria	Finished
646564503	Aminobacterium colombiense ALA-1, DSM 12261	Bacteria	Finished
646564504	Anabaena variabilis ATCC 29413	Bacteria	Finished
646564505	Arcanobacterium haemolyticum CCM, DSM 20595	Bacteria	Finished
646564506	Arcobacter nitrofigilis DSM 7299	Bacteria	Finished
646564507	Bacillus megaterium DSM 319	Bacteria	Finished
646564508	Bacillus megaterium QM B1551	Bacteria	Finished
646564509	Bacillus selenitireducens MLS10	Bacteria	Finished
646564510	Bacillus thuringiensis BMB171	Bacteria	Finished
646564511	Bacillus tusciae T2, DSM 2912	Bacteria	Finished
646564512	Bifidobacterium longum longum JDM301	Bacteria	Finished
646564513	Borrelia afzelii PKo	Bacteria	Finished
646564514	Brachyspira murdochii 56-150, DSM 12563	Bacteria	Finished
646564515	Burkholderia sp. CCGE1002	Bacteria	Finished
646564516	Candidatus Puniceispirillum marinum IMCC1322	Bacteria	Finished
646564517	Candidatus Riesia pediculicola USDA	Bacteria	Finished
646564518	Candidatus Sulcia muelleri DMIN	Bacteria	Finished
646564519	Caulobacter segnis ATCC 21756	Bacteria	Finished
646564520	Cellulomonas flavigena 134, DSM 20109	Bacteria	Finished
646564521	Clostridiales genomosp. BVAB3 UPII9-5	Bacteria	Finished
646564523	Comamonas testosteroni CNB-1	Bacteria	Finished
646564524	Coraliomargarita akajimensis DSM 45221	Bacteria	Finished
646564525	Deferribacter desulfuricans SSM1, DSM 14783	Bacteria	Finished
646564526	Dehalococcoides sp. GT	Bacteria	Finished
646564527	Denitrovibrio acetiphilus N2460, DSM 12809	Bacteria	Finished
646564528	Desulfurivibrio alkaliphilus AHT2	Bacteria	Finished
646564529	Enterobacter cloacae cloacae ATCC 13047	Bacteria	Finished
646564530	Erwinia amylovora Ea273, ATCC 49946	Bacteria	Finished
646564531	Erwinia amylovora CFBP1430	Bacteria	Finished
646564532	Erwinia pyrifoliae Ep1/96	Bacteria	Finished
646564533	Escherichia coli O55:H7 CB9615	Bacteria	Finished
646564535	Geobacillus sp. C56-T3	Bacteria	Finished
646564537	Helicobacter mustelae ATCC 43772	Bacteria	Finished
646564538	Klebsiella pneumoniae NTUH-K2044	Bacteria	Finished
646564539	Lactobacillus crispatus ST1	Bacteria	Finished
646564540	Lactobacillus johnsonii FI9785	Bacteria	Finished
646564542	Legionella pneumophila 2300/99 Alcoy	Bacteria	Finished
646564543	Leuconostoc kimchii IMSNU11154	Bacteria	Finished
646564544	Listeria seeligeri sv 1/2b, SLCC3954	Bacteria	Finished
646564545	Meiothermus ruber 21, DSM 1279	Bacteria	Finished
646564546	Meiothermus silvanus VI-R2, DSM 9946	Bacteria	Finished
646564551	Methylotenera versatilis 301	Bacteria	Finished
646564552	Moraxella catarrhalis RH4	Bacteria	Finished
646564553	Mycoplasma agalactiae PG2	Bacteria	Finished
646564554	Mycoplasma crocodyli MP145	Bacteria	Finished
646564556	Nitrosococcus halophilus Nc4	Bacteria	Finished
646564557	Nocardiopsis dassonvillei dassonvillei DSM 43111	Bacteria	Finished
646564558	Pantoea ananatis LMG 20103	Bacteria	Finished
646564559	Planctomyces limnophilus Mu 290, DSM 3776	Bacteria	Finished
646564560	Prevotella ruminicola 23	Bacteria	Finished
646564561	Propionibacterium acnes SK137	Bacteria	Finished
646564563	Rhodobacter capsulatus SB1003	Bacteria	Finished
646564564	Rhodococcus opacus B4	Bacteria	Finished
646564565	Sanguibacter keddieii ST-74, DSM 10542	Bacteria	Finished
646564566	Segniliparus rotundus CDC 1076, DSM 44985	Bacteria	Finished
646564568	Shewanella violacea DSS12	Bacteria	Finished
646564569	Sideroxydans lithotrophicus ES-1	Bacteria	Finished
646564570	Sphingobium japonicum UT26S	Bacteria	Finished
646564571	Stackebrandtia nassauensis LLR-40K-21, DSM 44728	Bacteria	Finished
646564572	Staphylococcus lugdunensis HKU09-01	Bacteria	Finished
646564574	Streptococcus mitis B6	Bacteria	Finished
646564575	Streptococcus mutans NN2025	Bacteria	Finished
646564576	Streptomyces scabiei 87.22	Bacteria	Finished
646564577	Syntrophothermus lipocalidus DSM 12680	Bacteria	Finished
646564578	Thermincola potens JR	Bacteria	Finished
646564579	Thermoanaerobacter italicus Ab9, DSM 9252	Bacteria	Finished
646564580	Thermoanaerobacter mathranii mathranii A3, DSM11426	Bacteria	Finished
646564581	Thermobispora bispora R51, DSM 43833	Bacteria	Finished
646564582	Thermocrinis albus HI 11/12, DSM 14484	Bacteria	Finished
646564584	Thioalkalivibrio sp. K90mix	Bacteria	Finished
646564585	Thiomonas intermedia K12	Bacteria	Finished
646564586	Truepera radiovictrix RQ-24, DSM 17093	Bacteria	Finished
646564587	Tsukamurella paurometabola 33, DSM 20162	Bacteria	Finished
646564588	Waddlia chondrophila WSU 86-1044	Bacteria	Finished
646564589	Xenorhabdus bovienii SS-2004	Bacteria	Finished
646564590	Yersinia pestis Z176003	Bacteria	Finished
646564591	Zunongwangia profunda SM-A87	Bacteria	Finished
646862301	Acetobacter pasteurianus IFO 3283-01-42C	Bacteria	Finished
646862302	Acetobacter pasteurianus IFO 3283-03	Bacteria	Finished
646862303	Acetobacter pasteurianus IFO 3283-07	Bacteria	Finished
646862304	Acetobacter pasteurianus IFO 3283-12	Bacteria	Finished
646862305	Acetobacter pasteurianus IFO 3283-22	Bacteria	Finished
646862306	Acetobacter pasteurianus IFO 3283-26	Bacteria	Finished
646862307	Acetobacter pasteurianus IFO 3283-32	Bacteria	Finished
646862308	Bifidobacterium animalis lactis BB-12	Bacteria	Finished
646862309	Bifidobacterium animalis lactis V9	Bacteria	Finished
646862310	Campylobacter jejuni jejuni IA3902	Bacteria	Finished
646862311	Chlamydia trachomatis D-EC	Bacteria	Finished
646862312	Chlamydia trachomatis D-LC	Bacteria	Finished
646862313	Chlamydia trachomatis E/11023	Bacteria	Finished
646862314	Chlamydia trachomatis E/150	Bacteria	Finished
646862315	Chlamydia trachomatis G/11074	Bacteria	Finished
646862316	Chlamydia trachomatis G/11222	Bacteria	Finished
646862317	Chlamydia trachomatis G/9301	Bacteria	Finished
646862318	Chlamydia trachomatis G/9768	Bacteria	Finished
646862319	Chlamydophila pneumoniae LPCoLN	Bacteria	Finished
646862320	Clostridium botulinum F 230613	Bacteria	Finished
646862321	Erwinia pyrifoliae DSM 12163	Bacteria	Finished
646862322	Escherichia coli O44:H18 042 (EAEC)	Bacteria	Finished
646862323	Escherichia coli BL21 (DE3)	Bacteria	Finished
646862324	Escherichia coli BL21(DE3)	Bacteria	Finished
646862325	Escherichia coli K12 DH1, ATCC 33849	Bacteria	Finished
646862326	Escherichia coli O18:K1:H7 IHE3034	Bacteria	Finished
646862327	Escherichia coli O150:H5 SE15	Bacteria	Finished
646862328	Francisella tularensis tularensis NE061598	Bacteria	Finished
646862329	Helicobacter pylori 52	Bacteria	Finished
646862330	Helicobacter pylori 51	Bacteria	Finished
646862331	Helicobacter pylori v225	Bacteria	Finished
646862332	Lactobacillus rhamnosus GG, ATCC 53103	Bacteria	Finished
646862333	Mycoplasma gallisepticum F	Bacteria	Finished
646862334	Mycoplasma gallisepticum R(high)	Bacteria	Finished
646862335	Mycoplasma mycoides capri LC GM12	Bacteria	Finished
646862336	Mycoplasma mycoides capri LC GM12	Bacteria	Finished
646862337	Neisseria meningitidis 8013	Bacteria	Finished
646862338	Rickettsia prowazekii Rp22	Bacteria	Finished
646862339	Salmonella enterica enterica sv Typhimurium D23580	Bacteria	Finished
646862340	Salmonella enterica enterica sv Typhimurium 14028S	Bacteria	Finished
646862341	Shigella flexneri 2002017	Bacteria	Finished
646862342	Staphylococcus aureus 04-02981	Bacteria	Finished
646862343	Staphylococcus aureus aureus ST398	Bacteria	Finished
646862344	Staphylococcus aureus aureus TW20 0582	Bacteria	Finished
646862345	Streptococcus suis GZ1	Bacteria	Finished
646862346	Streptomyces bingchenggensis BCW-1	Bacteria	Finished
646862348	Treponema pallidum pallidum Chicago	Bacteria	Finished
646862349	Vibrio cholerae O395	Bacteria	Finished
646862350	Yersinia pestis D106004	Bacteria	Finished
646862351	Yersinia pestis D182038	Bacteria	Finished
648028001	Nostoc azollae 0708	Bacteria	Finished
648028002	Acetohalobium arabaticum Z-7288, DSM 5501	Bacteria	Finished
648028004	Acinetobacter sp. DR1	Bacteria	Finished
648028005	Aggregatibacter actinomycetemcomitans D11S-1	Bacteria	Finished
648028006	Amycolatopsis mediterranei U32	Bacteria	Finished
648028007	Bacillus anthracis CI	Bacteria	Finished
648028008	Bacillus subtilis spizizenii W23	Bacteria	Finished
648028009	Brachyspira pilosicoli 95/1000	Bacteria	Finished
648028010	Brevundimonas subvibrioides ATCC 15264	Bacteria	Finished
648028011	Burkholderia sp. CCGE1003	Bacteria	Finished
648028012	Butyrivibrio proteoclasticus B316	Bacteria	Finished
648028013	Caldicellulosiruptor obsidiansis OB47	Bacteria	Finished
648028014	Candidatus Sulcia muelleri CARI	Bacteria	Finished
648028015	Candidatus Zinderia insecticola CARI	Bacteria	Finished
648028016	Clostridium cellulovorans 743B, ATCC 35296	Bacteria	Finished
648028017	Clostridium ljungdahlii PETC, DSM 13528	Bacteria	Finished
648028018	Clostridium saccharolyticum WM1, DSM 2544	Bacteria	Finished
648028019	Corynebacterium pseudotuberculosis FRC41	Bacteria	Finished
648028020	Croceibacter atlanticus HTCC2559	Bacteria	Finished
648028021	Cyanothece sp. PCC 7822	Bacteria	Finished
648028022	Dehalogenimonas lykanthroporepellens BL-DC-9	Bacteria	Finished
648028023	Desulfarculus baarsii 2st14, DSM 2075	Bacteria	Finished
648028024	Dickeya dadantii 3937	Bacteria	Finished
648028025	Escherichia coli O26:H11 11368	Bacteria	Finished
648028026	Ferrimonas balearica PAT, DSM 9799	Bacteria	Finished
648028027	Maribacter sp. HTCC2170	Bacteria	Finished
648028028	Gallionella capsiferriformans ES-2	Bacteria	Finished
648028030	Halomonas elongata DSM 2581	Bacteria	Finished
648028031	Helicobacter pylori PeCan4	Bacteria	Finished
648028032	Helicobacter pylori SJM180	Bacteria	Finished
648028033	Herbaspirillum seropedicae SmR1	Bacteria	Finished
648028034	Hyphomicrobium denitrificans ATCC 51888	Bacteria	Finished
648028037	Lactobacillus plantarum plantarum ST-III	Bacteria	Finished
648028038	Legionella longbeachae NSW150	Bacteria	Finished
648028042	Micromonospora aurantiaca ATCC 27029	Bacteria	Finished
648028043	Mobiluncus curtisii ATCC 43063	Bacteria	Finished
648028044	Mycoplasma fermentans JER	Bacteria	Finished
648028045	Mycoplasma hyorhinis HUB-1	Bacteria	Finished
648028046	Nitrosococcus watsoni C-113	Bacteria	Finished
648028047	Olsenella uli VPI, DSM 7084	Bacteria	Finished
648028048	Paenibacillus polymyxa E681	Bacteria	Finished
648028049	Pantoea vagans C9-1	Bacteria	Finished
648028050	Parvularcula bermudensis HTCC2503	Bacteria	Finished
648028051	Prevotella melaninogenica ATCC 25845	Bacteria	Finished
648028052	Spirochaeta smaragdinae SEBR 4228, DSM 11293	Bacteria	Finished
648028053	Spirochaeta thermophila DSM 6192	Bacteria	Finished
648028054	Starkeya novella DSM 506	Bacteria	Finished
648028055	Streptococcus pneumoniae 670-6B	Bacteria	Finished
648028056	Streptococcus pneumoniae AP200	Bacteria	Finished
648028057	Streptococcus pneumoniae TCH8431/19A	Bacteria	Finished
648028058	Sulfurimonas autotrophica OK10, DSM 16294	Bacteria	Finished
648028059	Thermoanaerobacter sp. X513	Bacteria	Finished
648028060	Thermoanaerobacterium thermosaccharolyticum DSM 571	Bacteria	Finished
648028061	Thermosediminibacter oceani JW/IW-1228P, DSM 16646	Bacteria	Finished
648231701	Campylobacter jejuni jejuni M1	Bacteria	Finished
648231702	Corynebacterium pseudotuberculosis 1002	Bacteria	Finished
648231703	Corynebacterium pseudotuberculosis C231	Bacteria	Finished
648231704	Edwardsiella tarda FL6-60	Bacteria	Finished
648231705	Escherichia coli ABU 83972	Bacteria	Finished
648231706	Escherichia coli AIEC UM146	Bacteria	Finished
648231707	Geobacter sulfurreducens KN400	Bacteria	Finished
648231708	Helicobacter pylori 908	Bacteria	Finished
648231709	Helicobacter pylori Cuz20	Bacteria	Finished
648231710	Helicobacter pylori Sat464	Bacteria	Finished
648231711	Lactobacillus fermentum CECT 5716	Bacteria	Finished
648231712	Lactobacillus salivarius CECT 5713	Bacteria	Finished
648231713	Lactococcus lactis cremoris NZ9000	Bacteria	Finished
648231714	Mycoplasma mycoides mycoides SC Gladysdale	Bacteria	Finished
648231715	Mycoplasma pneumoniae FH	Bacteria	Finished
648231716	Staphylococcus aureus aureus ED133	Bacteria	Finished
648231717	Staphylococcus aureus aureus JKD6159	Bacteria	Finished
648231718	Staphylococcus aureus aureus JKD6008	Bacteria	Finished
648231719	Xylella fastidiosa fastidiosa GB514	Bacteria	Finished
649633001	Achromobacter xylosoxidans A8	Bacteria	Finished
649633002	Granulicella tundricola MP5ACTX9	Bacteria	Finished
649633004	Alicycliphilus denitrificans BC	Bacteria	Finished
649633005	Anaerolinea thermophila UNI-1	Bacteria	Finished
649633006	Arthrobacter arilaitensis re117, CIP108037	Bacteria	Finished
649633007	Asticcacaulis excentricus CB 48	Bacteria	Finished
649633008	Bacillus amyloliquefaciens Campbell F, DSM 7	Bacteria	Finished
649633009	Bacillus atrophaeus 1942	Bacteria	Finished
649633010	Bacillus cellulosilyticus N-4, DSM 2522	Bacteria	Finished
649633011	Bacillus subtilis BSn5	Bacteria	Finished
649633012	Bacteroides helcogenes P 36-108, DSM 20613	Bacteria	Finished
649633013	Bacteroides salanitronis BL78, DSM 18170	Bacteria	Finished
649633014	Bartonella clarridgeiae 73	Bacteria	Finished
649633015	Bifidobacterium bifidum PRL2010	Bacteria	Finished
649633016	Bifidobacterium bifidum S17	Bacteria	Finished
649633017	Bifidobacterium longum infantis 157F-NC	Bacteria	Finished
649633018	Bifidobacterium longum longum BBMN68	Bacteria	Finished
649633019	Bifidobacterium longum infantis JCM 1217	Bacteria	Finished
649633021	Burkholderia sp. CCGE1001	Bacteria	Finished
649633022	Caldicellulosiruptor hydrothermalis 108	Bacteria	Finished
649633023	Caldicellulosiruptor kristjanssonii 177R1B, DSM 12137	Bacteria	Finished
649633024	Caldicellulosiruptor kronotskyensis 2002	Bacteria	Finished
649633025	Caldicellulosiruptor owensensis OL	Bacteria	Finished
649633026	Calditerrivibrio nitroreducens Yu37-1, DSM 19672	Bacteria	Finished
649633027	Campylobacter jejuni jeuni ICDCCJ07001	Bacteria	Finished
649633028	Candidatus Blochmannia vafer BVAF	Bacteria	Finished
649633029	Candidatus Liberibacter solanacearum CLso-ZC1	Bacteria	Finished
649633030	Candidatus Nitrospira defluvii	Bacteria	Finished
649633031	Cellulophaga algicola IC166, DSM 14237	Bacteria	Finished
649633032	Cellulophaga lytica LIM-21, DSM 7489	Bacteria	Finished
649633033	Clostridium sticklandii DSM 519	Bacteria	Finished
649633034	Deinococcus maricopensis LB-34, DSM 21211	Bacteria	Finished
649633035	Deinococcus proteolyticus MRP, DSM 20540	Bacteria	Finished
649633036	Desulfobulbus propionicus 1pr3, DSM 2032	Bacteria	Finished
649633037	Desulfovibrio aespoeensis Aspo-2, DSM 10631	Bacteria	Finished
649633038	Desulfurispirillum indicum S5, DSM 22839	Bacteria	Finished
649633039	Desulfurobacterium thermolithotrophum BSA, DSM 11699	Bacteria	Finished
649633041	Enterobacter cloacae SCF1	Bacteria	Finished
649633042	Erwinia billingiae Eb661	Bacteria	Finished
649633043	Ethanoligenens harbinense YUAN-3T, DSM 18485	Bacteria	Finished
649633044	Eubacterium limosum KIST612	Bacteria	Finished
649633045	Frankia sp. EuI1c	Bacteria	Finished
649633046	Gardnerella vaginalis 317, ATCC 14019	Bacteria	Finished
649633047	Geobacillus sp. Y4.1MC1	Bacteria	Finished
649633048	Geobacillus sp. Y412MC52	Bacteria	Finished
649633049	Geobacter sp. M18	Bacteria	Finished
649633050	Haemophilus influenzae F3031	Bacteria	Finished
649633051	Haemophilus influenzae F3047	Bacteria	Finished
649633052	Halanaerobium hydrogenoformans	Bacteria	Finished
649633054	Helicobacter felis CS1, ATCC 49179	Bacteria	Finished
649633055	Helicobacter pylori B8	Bacteria	Finished
649633056	Ilyobacter polytropus CuHBu1, DSM 2926	Bacteria	Finished
649633057	Intrasporangium calvum 7KIP, DSM 43043	Bacteria	Finished
649633058	Isosphaera pallida IS1B, ATCC 43644	Bacteria	Finished
649633059	Ketogulonicigenium vulgare Y25	Bacteria	Finished
649633061	Lactobacillus casei Zhang	Bacteria	Finished
649633062	Lactobacillus delbrueckii bulgaricus ND02	Bacteria	Finished
649633063	Leadbetterella byssophila 4M15, DSM 17132	Bacteria	Finished
649633064	Leuconostoc gasicomitatum LMG 18811	Bacteria	Finished
649633065	Marivirga tractuosa H-43, DSM 4126	Bacteria	Finished
649633066	Mesorhizobium ciceri bv biserrulae WSM1271	Bacteria	Finished
649633068	Methylovorus sp. MP688	Bacteria	Finished
649633069	Micromonospora sp. L5	Bacteria	Finished
649633070	Mycobacterium gilvum Spyr1	Bacteria	Finished
649633071	Mycoplasma bovis Donetta PG45	Bacteria	Finished
649633072	Mycoplasma fermentans M64	Bacteria	Finished
649633073	Mycoplasma haemofelis Langford 1	Bacteria	Finished
649633074	Mycoplasma leachii PG50	Bacteria	Finished
649633075	Neisseria lactamica 020-06	Bacteria	Finished
649633076	Nitratifractor salsuginis E9I37-1, DSM 16511	Bacteria	Finished
649633077	Oceanithermus profundus 506, DSM 14977	Bacteria	Finished
649633078	Odoribacter splanchnicus 1651/6, DSM 20712	Bacteria	Finished
649633079	Paenibacillus polymyxa SC2	Bacteria	Finished
649633080	Paludibacter propionicigenes WB4, DSM 17365	Bacteria	Finished
649633081	Pantoea sp. At-9b	Bacteria	Finished
649633082	Pedobacter saltans Steyn 113, DSM 12145	Bacteria	Finished
649633083	Planctomyces brasiliensis IFAM 1448, DSM 5305	Bacteria	Finished
649633084	Propionibacterium freudenreichii shermanii CIRM-BIA1	Bacteria	Finished
649633085	Pseudoalteromonas sp. SM9913	Bacteria	Finished
649633086	Pseudomonas fluorescens SBW25	Bacteria	Finished
649633087	Pseudoxanthomonas suwonensis 11-1	Bacteria	Finished
649633088	Rahnella sp. Y9602	Bacteria	Finished
649633089	Rhodococcus equi 103S	Bacteria	Finished
649633090	Rhodomicrobium vannielii ATCC 17100	Bacteria	Finished
649633091	Rhodopseudomonas palustris DX-1	Bacteria	Finished
649633092	Riemerella anatipestifer A350/72, DSM 15868	Bacteria	Finished
649633093	Rothia dentocariosa ATCC 17931	Bacteria	Finished
649633094	Ruminococcus albus 7	Bacteria	Finished
649633095	Staphylococcus pseudintermedius HKU10-03	Bacteria	Finished
649633096	Stigmatella aurantiaca DW4/3-1	Bacteria	Finished
649633097	Sulfuricurvum kujiense YK-1, DSM 16994	Bacteria	Finished
649633098	Syntrophobotulus glycolicus FlGlyR, DSM 8271	Bacteria	Finished
649633099	Taylorella equigenitalis MCE9	Bacteria	Finished
649633100	Terriglobus saanensis SP1PR4	Bacteria	Finished
649633101	Thermaerobacter marianensis 7p75a, DSM 12885	Bacteria	Finished
649633102	Thermoanaerobacter brockii finnii Ako-1 DSM 3389	Bacteria	Finished
649633104	Thermovibrio ammonificans HB-1, DSM 15698	Bacteria	Finished
649633105	Thermus scotoductus SA-01, ATCC 700910	Bacteria	Finished
649633106	Variovorax paradoxus EPS	Bacteria	Finished
649633107	Vibrio vulnificus M06-24/O	Bacteria	Finished
649633108	Xenorhabdus nematophila ATCC 19061	Bacteria	Finished
650377901	Acinetobacter baumannii 1656-2	Bacteria	Finished
650377902	Acinetobacter baumannii TCDC-AB0715	Bacteria	Finished
650377903	Acinetobacter calcoaceticus PHEA-2	Bacteria	Finished
650377904	Alistipes shahii WAL 8301	Bacteria	Finished
650377905	Arthrobacter phenanthrenivorans Sphe3	Bacteria	Finished
650377906	Arthrospira platensis NIES-39	Bacteria	Finished
650377907	Bacillus subtilis natto BEST195	Bacteria	Finished
650377908	Bacillus thuringiensis sv. finitimus YBT-020	Bacteria	Finished
650377909	Bacteriovorax marinus SJ	Bacteria	Finished
650377910	Bacteroides fragilis 638R	Bacteria	Finished
650377911	Bacteroides xylanisolvens XB1A	Bacteria	Finished
650377912	Bifidobacterium longum longum F8	Bacteria	Finished
650377913	Borrelia burgdorferi JD1	Bacteria	Finished
650377914	Borrelia burgdorferi N40	Bacteria	Finished
650377915	Buchnera aphidicola JF98	Bacteria	Finished
650377916	Buchnera aphidicola JF99	Bacteria	Finished
650377917	Buchnera aphidicola LL01	Bacteria	Finished
650377918	Buchnera aphidicola TLW03	Bacteria	Finished
650377919	Butyrivibrio fibrisolvens 16/4	Bacteria	Finished
650377920	Campylobacter jejuni jeuni S3	Bacteria	Finished
650377921	Chlamydia trachomatis E/Sweden2	Bacteria	Finished
650377922	Chlamydophila psittaci RD1	Bacteria	Finished
650377923	Clostridium cf. saccharolyticum K10	Bacteria	Finished
650377924	Clostridium thermocellum LQ8, DSM 1313	Bacteria	Finished
650377925	Coprococcus catus GD/7	Bacteria	Finished
650377926	Coprococcus sp. ART55/1	Bacteria	Finished
650377927	Corynebacterium pseudotuberculosis I19	Bacteria	Finished
650377928	Enterobacter cloacae cloacae NCTC 9394	Bacteria	Finished
650377929	Enterococcus faecalis 62	Bacteria	Finished
650377930	Enterococcus sp. 7L76	Bacteria	Finished
650377931	Erwinia sp. Ejp617	Bacteria	Finished
650377932	Escherichia coli ETEC H10407	Bacteria	Finished
650377933	Escherichia coli O83:H1 NRG 857C	Bacteria	Finished
650377934	Escherichia coli W, ATCC 9739	Bacteria	Finished
650377935	Eubacterium cylindroides T2-87	Bacteria	Finished
650377936	Eubacterium rectale DSM 17629	Bacteria	Finished
650377937	Eubacterium rectale M104/1	Bacteria	Finished
650377938	Eubacterium siraeum 70/3	Bacteria	Finished
650377939	Eubacterium siraeum V10Sc8a	Bacteria	Finished
650377940	Faecalibacterium prausnitzii SL3/3	Bacteria	Finished
650377941	Faecalibacterium prausnitzii L2-6	Bacteria	Finished
650377942	Fibrobacter succinogenes succinogenes S85	Bacteria	Finished
650377943	Gordonibacter pamelaeae 7-10-1-bT, DSM 19378	Bacteria	Finished
650377944	Haemophilus influenzae B 10810	Bacteria	Finished
650377945	Haemophilus influenzae R2846	Bacteria	Finished
650377946	Haemophilus influenzae R2866	Bacteria	Finished
650377947	Haemophilus parainfluenzae T3T1	Bacteria	Finished
650377948	Halanaerobium praevalens GSL, DSM 2228	Bacteria	Finished
650377949	Helicobacter pylori Gambia94/24	Bacteria	Finished
650377950	Helicobacter pylori India7	Bacteria	Finished
650377951	Helicobacter pylori Lithuania75	Bacteria	Finished
650377952	Helicobacter pylori SouthAfrica7	Bacteria	Finished
650377953	Hydrogenobacter thermophilus TK-6, DSM 6534	Bacteria	Finished
650377954	Lactobacillus delbrueckii bulgaricus 2038	Bacteria	Finished
650377955	Lactobacillus helveticus H10	Bacteria	Finished
650377956	Legionella pneumophila 130b	Bacteria	Finished
650377957	Listeria monocytogenes 4a L99	Bacteria	Finished
650377958	Megamonas hypermegale ART12/1	Bacteria	Finished
650377959	Mycoplasma fermentans PG18	Bacteria	Finished
650377960	Mycoplasma hyopneumoniae 168	Bacteria	Finished
650377962	Neisseria meningitidis alpha710	Bacteria	Finished
650377963	Pseudomonas putida BIRD-1	Bacteria	Finished
650377964	Roseburia intestinalis M50/1	Bacteria	Finished
650377965	Roseburia intestinalis XB6B4	Bacteria	Finished
650377966	Ruminococcus bromii L2-63	Bacteria	Finished
650377967	Ruminococcus obeum A2-162	Bacteria	Finished
650377968	Ruminococcus sp. SR1/5	Bacteria	Finished
650377969	Ruminococcus sp. 18P13	Bacteria	Finished
650377970	Ruminococcus torques L2-14	Bacteria	Finished
650377971	Salmonella enterica enterica sv Typhimurium 4/74	Bacteria	Finished
650377972	Salmonella enterica enterica  sv Typhimurium SL1344	Bacteria	Finished
650377973	Spirochaeta sp. Buddy	Bacteria	Finished
650377974	Staphylococcus pseudintermedius ED99	Bacteria	Finished
650377975	Streptococcus dysgalactiae equisimilis D166B, ATCC 12394	Bacteria	Finished
650377976	Streptococcus pneumoniae INV104B (ST 227, serotype 1)	Bacteria	Finished
650377977	Streptococcus pneumoniae INV200 (ST 9, serotype 14)	Bacteria	Finished
650377978	Streptococcus pneumoniae OXC141 (ST 180, serotype 3)	Bacteria	Finished
650377979	Streptococcus suis JS14	Bacteria	Finished
650377980	Streptococcus thermophilus ND03	Bacteria	Finished
650377983	Synergistetes sp. SGP1	Bacteria	Finished
650377984	Vibrio furnissii 2510/74, NCTC 11218	Bacteria	Finished
650377986	Weeksella virosa 9751, DSM 16922	Bacteria	Finished
650377987	Yersinia pestis Medievalis Harbin 35	Bacteria	Finished
650377988	Clostridiales sp. SM4/1	Bacteria	Finished
650377989	Clostridiales sp. SS3/4	Bacteria	Finished
650377990	Clostridiales sp. SSC/2	Bacteria	Finished
650377991	Marinobacter adhaerens HP15	Bacteria	Finished
650716002	Acidiphilium multivorum AIU301	Bacteria	Finished
650716003	Acidithiobacillus caldus SM-1	Bacteria	Finished
650716004	Acidovorax avenae avenae ATCC 19860	Bacteria	Finished
650716005	Aerococcus urinae ACS-120-V-Col10a	Bacteria	Finished
650716006	Aeromonas veronii B565	Bacteria	Finished
650716007	Agrobacterium sp. H13-3 	Bacteria	Finished
650716008	Alicycliphilus denitrificans K601	Bacteria	Finished
650716009	Amycolicicoccus subflavus DQS3-9A1	Bacteria	Finished
650716010	Bacillus coagulans 2-6	Bacteria	Finished
650716011	Blattabacterium sp. Bge	Bacteria	Finished
650716012	Buchnera aphidicola Ct	Bacteria	Finished
650716013	Burkholderia gladioli BSR3	Bacteria	Finished
650716014	Burkholderia rhizoxinica HKI 454	Bacteria	Finished
650716015	Candidatus Midichloria mitochondrii IricVA	Bacteria	Finished
650716016	Candidatus Moranella endobia PCIT	Bacteria	Finished
650716017	Candidatus Pelagibacter sp. IMCC9063	Bacteria	Finished
650716018	Candidatus Tremblaya princeps PCIT	Bacteria	Finished
650716019	Capnocytophaga canimorsus Cc5	Bacteria	Finished
650716020	Carnobacterium sp. 17-4	Bacteria	Finished
650716021	Chlamydia trachomatis L2c	Bacteria	Finished
650716022	Chlamydophila pecorum E58	Bacteria	Finished
650716023	Chlamydophila psittaci 6BC	Bacteria	Finished
650716024	Clostridium acetobutylicum DSM 1731	Bacteria	Finished
650716025	Clostridium botulinum BKT015925	Bacteria	Finished
650716026	Cellulosilyticum lentocellum RHM5, DSM 5427	Bacteria	Finished
650716027	Clostridium sp. SY8519	Bacteria	Finished
650716028	Collimonas fungivorans Ter331	Bacteria	Finished
650716029	Corynebacterium resistens DSM 45100	Bacteria	Finished
650716030	Corynebacterium ulcerans BR-AD22	Bacteria	Finished
650716031	Cupriavidus necator N-1, ATCC 43291	Bacteria	Finished
650716032	Delftia sp. Cs1-4	Bacteria	Finished
650716033	Desulfotomaculum ruminis DL, DSM 2154	Bacteria	Finished
650716034	Eggerthella sp. YY7918	Bacteria	Finished
650716035	Enterobacter aerogenes KCTC 2190	Bacteria	Finished
650716036	Erysipelothrix rhusiopathiae Fujisawa	Bacteria	Finished
650716037	Francisella sp. TX077308	Bacteria	Finished
650716038	Gallibacterium anatis UMN179	Bacteria	Finished
650716039	Geobacillus thermoglucosidasius C56-YS93	Bacteria	Finished
650716040	Glaciecola agarilytica 4H-3-7+YE-5	Bacteria	Finished
650716041	Helicobacter bizzozeronii CIII-1	Bacteria	Finished
650716042	Hyphomicrobium sp. MC1	Bacteria	Finished
650716043	Krokinobacter diaphorus 4H-3-7-5	Bacteria	Finished
650716044	Lacinutrix algicola 5H-3-7-4	Bacteria	Finished
650716045	Lactobacillus acidophilus 30SC	Bacteria	Finished
650716046	Lactobacillus amylovorus GRL 1112	Bacteria	Finished
650716047	Lactobacillus kefiranofaciens ZW3	Bacteria	Finished
650716048	Lactobacillus reuteri SD2112, ATCC 55730	Bacteria	Finished
650716049	Leuconostoc kimchii C2	Bacteria	Finished
650716050	Melissococcus plutonius ATCC 35311	Bacteria	Finished
650716057	Microbacterium testaceum StLB037	Bacteria	Finished
650716058	Microlunatus phosphovorus NM-1	Bacteria	Finished
650716059	Mycobacterium africanum GM041182	Bacteria	Finished
650716060	Mycobacterium canettii CIPT 140010059	Bacteria	Finished
650716061	Mycobacterium sp. JDM601	Bacteria	Finished
650716062	Mycoplasma bovis Hubei-1	Bacteria	Finished
650716063	Mycoplasma mycoides capri LC 95010	Bacteria	Finished
650716064	Mycoplasma suis Illinois	Bacteria	Finished
650716065	Myxococcus fulvus HW-1	Bacteria	Finished
650716066	Nitrosomonas sp. AL212	Bacteria	Finished
650716067	Nitrosomonas sp. IS79A3	Bacteria	Finished
650716068	Novosphingobium sp. PP1Y	Bacteria	Finished
650716069	Oligotropha carboxidovorans OM5	Bacteria	Finished
650716070	Paenibacillus mucilaginosus KNP414	Bacteria	Finished
650716071	Parachlamydia acanthamoebae UV7	Bacteria	Finished
650716072	Porphyromonas gingivalis TDC60	Bacteria	Finished
650716073	Prevotella denticola F0289	Bacteria	Finished
650716074	Pseudomonas brassicacearum brassicacearum NFM421	Bacteria	Finished
650716075	Pseudomonas mendocina NK-01	Bacteria	Finished
650716076	Pseudomonas putida S16	Bacteria	Finished
650716077	Pseudomonas stutzeri ATCC 17588	Bacteria	Finished
650716078	Pusillimonas sp. T7-7	Bacteria	Finished
650716081	Ramlibacter tataouinensis TTB310	Bacteria	Finished
650716082	Rickettsia heilongjiangensis 054	Bacteria	Finished
650716083	Roseobacter litoralis Och 149	Bacteria	Finished
650716084	Salmonella bongori NCTC 12419	Bacteria	Finished
650716085	Simkania negevensis Z, ATCC VR-1471	Bacteria	Finished
650716086	Sinorhizobium meliloti AK83, DSM 23913	Bacteria	Finished
650716087	Streptococcus gallolyticus gallolyticus ATCC BAA-2069	Bacteria	Finished
650716088	Streptococcus oralis Uo5	Bacteria	Finished
650716089	Streptococcus parasanguinis ATCC 15912	Bacteria	Finished
650716090	Streptococcus parauberis KCTC 11537	Bacteria	Finished
650716091	Streptococcus pasteurianus ATCC 43144	Bacteria	Finished
650716092	Streptococcus salivarius CCHSS3	Bacteria	Finished
650716093	Streptococcus suis ST3	Bacteria	Finished
650716094	Tepidanaerobacter sp. Re1	Bacteria	Finished
650716095	Thermoanaerobacterium xylanolyticum LX-11, DSM 7097	Bacteria	Finished
650716099	Treponema azotonutricium ZAS-9	Bacteria	Finished
650716100	Treponema brennaborense DD5/3, DSM 12168	Bacteria	Finished
650716101	Treponema paraluiscuniculi Cuniculi A	Bacteria	Finished
650716102	Treponema primitia ZAS-2	Bacteria	Finished
650716103	Verrucosispora maris AB-18-032	Bacteria	Finished
650716104	Vibrio anguillarum 775, ATCC:68554	Bacteria	Finished
650716105	Weissella koreensis KACC 15510	Bacteria	Finished
650716106	Yersinia enterocolitica palearctica 105.5R(r) (O:9)	Bacteria	Finished
650716107	Zymomonas mobilis pomaceae Barker 1, ATCC 29192	Bacteria	Finished
651053001	Bacillus amyloliquefaciens LL3	Bacteria	Finished
651053002	Bacillus amyloliquefaciens TA208	Bacteria	Finished
651053003	Bacillus thuringiensis sv chinensis CT-43	Bacteria	Finished
651053004	Bifidobacterium animalis lactis CNCM I-2494	Bacteria	Finished
651053005	Bifidobacterium breve ACS-071-V-Sch8b	Bacteria	Finished
651053006	Bifidobacterium breve UCC2003 (NCIMB8807)	Bacteria	Finished
651053007	Bifidobacterium longum infantis JCM 1222	Bacteria	Finished
651053008	Bifidobacterium longum longum KACC 91563	Bacteria	Finished
651053009	Bordetella pertussis CS	Bacteria	Finished
651053010	Brucella melitensis M28	Bacteria	Finished
651053011	Brucella melitensis M5-90	Bacteria	Finished
651053012	Chlamydophila psittaci 01DC11	Bacteria	Finished
651053013	Chlamydophila psittaci 02DC15	Bacteria	Finished
651053014	Chlamydophila psittaci 08DC60	Bacteria	Finished
651053015	Chlamydophila psittaci 6BC	Bacteria	Finished
651053016	Chlamydophila psittaci C19/98	Bacteria	Finished
651053017	Clostridium acetobutylicum EA 2018	Bacteria	Finished
651053018	Clostridium botulinum H04402 065	Bacteria	Finished
651053019	Corynebacterium ulcerans 809	Bacteria	Finished
651053020	Escherichia coli DH1 (ME8569)	Bacteria	Finished
651053021	Escherichia coli LF82	Bacteria	Finished
651053022	Escherichia coli NA114	Bacteria	Finished
651053023	Escherichia coli UMNF18	Bacteria	Finished
651053024	Escherichia coli UMNK88	Bacteria	Finished
651053025	Francisella novicida 3523	Bacteria	Finished
651053026	Francisella novicida Fx1	Bacteria	Finished
651053027	Gardnerella vaginalis HMP9231	Bacteria	Finished
651053029	Helicobacter pylori 2017	Bacteria	Finished
651053030	Helicobacter pylori 2018	Bacteria	Finished
651053031	Helicobacter pylori 83	Bacteria	Finished
651053032	Helicobacter pylori F16	Bacteria	Finished
651053033	Helicobacter pylori F30	Bacteria	Finished
651053034	Helicobacter pylori F32	Bacteria	Finished
651053035	Helicobacter pylori F57	Bacteria	Finished
651053036	Klebsiella pneumoniae KCTC 2242	Bacteria	Finished
651053037	Lactobacillus amylovorus GRL 1118	Bacteria	Finished
651053038	Lactobacillus casei BD-II	Bacteria	Finished
651053039	Lactobacillus casei LC2W	Bacteria	Finished
651053040	Lactobacillus johnsonii DPC 6026	Bacteria	Finished
651053041	Lactococcus lactis lactis CV56	Bacteria	Finished
651053042	Listeria monocytogenes M7	Bacteria	Finished
651053043	Mycobacterium tuberculosis CCDC5079	Bacteria	Finished
651053044	Mycobacterium tuberculosis CCDC5180	Bacteria	Finished
651053045	Mycoplasma haemofelis Ohio2	Bacteria	Finished
651053046	Mycoplasma leachii 99/014/6 	Bacteria	Finished
651053047	Neisseria gonorrhoeae TCDC-NG08107	Bacteria	Finished
651053048	Neisseria meningitidis G2136	Bacteria	Finished
651053049	Neisseria meningitidis H44/76	Bacteria	Finished
651053050	Neisseria meningitidis M01-240149	Bacteria	Finished
651053051	Neisseria meningitidis M01-240355	Bacteria	Finished
651053052	Neisseria meningitidis M04-240196	Bacteria	Finished
651053053	Neisseria meningitidis NZ-05/33	Bacteria	Finished
651053054	Neisseria meningitidis WUE 2594	Bacteria	Finished
651053055	Oligotropha carboxidovorans OM4	Bacteria	Finished
651053056	Pantoea ananatis AJ13355	Bacteria	Finished
651053057	Pantoea strewartii stewartii DC283	Bacteria	Finished
651053058	Propionibacterium acnes 266	Bacteria	Finished
651053059	Propionibacterium acnes 6609	Bacteria	Finished
651053060	Pseudomonas stutzeri CMT.A.9, DSM 4166 	Bacteria	Finished
651053061	Pseudonocardia dioxanivorans CB1190	Bacteria	Finished
651053062	Ralstonia solanacearum Po82	Bacteria	Finished
651053063	Riemerella anatipestifer RA-GD	Bacteria	Finished
651053064	Salmonella enterica enterica sv Typhimurium T000240	Bacteria	Finished
651053065	Salmonella enterica enterica sv Typhimurium UK-1	Bacteria	Finished
651053066	Shewanella baltica OS117	Bacteria	Finished
651053067	Ensifer meliloti SM11	Bacteria	Finished
651053068	Staphylococcus aureus aureus ECT-R 2	Bacteria	Finished
651053069	Staphylococcus aureus aureus T0131	Bacteria	Finished
651053070	Staphylococcus aureus aureus TCH60	Bacteria	Finished
651053071	Staphylococcus lugdunensis N920143	Bacteria	Finished
651053072	Streptococcus gallolyticus gallolyticus ATCC 43143	Bacteria	Finished
651053073	Streptococcus salivarius 57.I	Bacteria	Finished
651053074	Streptococcus salivarius JIM8777	Bacteria	Finished
651053075	Streptococcus thermophilus JIM 8232	Bacteria	Finished
651053076	Synechocystis sp. GT-S, PCC 6803	Bacteria	Finished
651053077	Thiomonas sp. 3As	Bacteria	Finished
651053078	Vibrio cholerae LMA3894-4	Bacteria	Finished
651053079	Yersinia enterocolitica palearctica sv O:3/4 Y11	Bacteria	Finished
637000129	Haloquadratum walsbyi HBSQ001, DSM 16790	Archaea	Finished
637000161	Methanococcoides burtonii DSM 6242	Archaea	Finished
637000162	Methanosarcina barkeri Fusaro, DSM 804	Archaea	Finished
637000163	Methanosphaera stadtmanae DSM 3091	Archaea	Finished
637000164	Methanospirillum hungatei JF-1	Archaea	Finished
637000187	Natronomonas pharaonis Gabara, DSM 2160	Archaea	Finished
638154501	Aeropyrum pernix K1	Archaea	Finished
638154502	Archaeoglobus fulgidus VC-16, DSM 4304	Archaea	Finished
638154503	Haloarcula marismortui ATCC 43049	Archaea	Finished
638154504	Halobacterium sp. NRC-1	Archaea	Finished
638154505	Methanocaldococcus jannaschii DSM 2661	Archaea	Finished
638154506	Methanococcus maripaludis S2	Archaea	Finished
638154507	Methanopyrus kandleri AV19	Archaea	Finished
638154508	Methanosarcina acetivorans C2A	Archaea	Finished
638154509	Methanosarcina mazei Go1, DSM 3647	Archaea	Finished
638154510	Methanothermobacter thermoautotrophicus Delta H	Archaea	Finished
638154511	Nanoarchaeum equitans Kin4-M	Archaea	Finished
638154512	Picrophilus torridus DSM 9790	Archaea	Finished
638154513	Pyrobaculum aerophilum IM2	Archaea	Finished
638154514	Pyrococcus abyssi GE5	Archaea	Finished
638154515	Pyrococcus furiosus DSM 3638	Archaea	Finished
638154516	Pyrococcus horikoshii OT3	Archaea	Finished
638154517	Sulfolobus acidocaldarius 98-3, DSM 639	Archaea	Finished
638154518	Sulfolobus solfataricus P2	Archaea	Finished
638154519	Sulfolobus tokodaii 7, JCM 10545	Archaea	Finished
638154520	Thermococcus kodakarensis KOD1	Archaea	Finished
638154521	Thermoplasma acidophilum DSM 1728	Archaea	Finished
638154522	Thermoplasma volcanium GSS1	Archaea	Finished
639633038	Methanosaeta thermophila PT	Archaea	Finished
639633053	Pyrobaculum islandicum DSM 4184	Archaea	Finished
639633064	Thermofilum pendens Hrk 5	Archaea	Finished
640069314	Hyperthermus butylicus DSM 5456	Archaea	Finished
640069316	Methanococcus maripaludis C5	Archaea	Finished
640069317	Methanocorpusculum labreanum Z	Archaea	Finished
640069318	Methanoculleus marisnigri JR1, DSM 1498	Archaea	Finished
640069326	Pyrobaculum calidifontis JCM 11548	Archaea	Finished
640069332	Staphylothermus marinus F1, DSM 3639	Archaea	Finished
640427120	Metallosphaera sedula DSM 5348	Archaea	Finished
640427121	Methanobrevibacter smithii PS, ATCC 35061	Archaea	Finished
640427135	Pyrobaculum arsenaticum PZ6, DSM 13514	Archaea	Finished
640427153	Methanocella sp. RC-I	Archaea	Finished
640753014	Candidatus Methanoregula boonei 6A8	Archaea	Finished
640753029	Ignicoccus hospitalis KIN4/I, DSM 18386	Archaea	Finished
640753034	Methanococcus aeolicus Nankai-3	Archaea	Finished
640753035	Methanococcus maripaludis C7	Archaea	Finished
640753036	Methanococcus vannielii SB	Archaea	Finished
641228483	Caldivirga maquilingensis IC-167	Archaea	Finished
641228496	Methanococcus maripaludis C6	Archaea	Finished
641228499	Nitrosopumilus maritimus SCM1	Archaea	Finished
641522611	Candidatus Korarchaeum cryptofilum OPF8	Archaea	Finished
641522613	Cenarchaeum symbiosum A	Archaea	Finished
641522631	Halobacterium salinarum R1, DSM 671	Archaea	Finished
641522657	Thermoproteus neutrophilus V24Sta	Archaea	Finished
643348525	Methanosphaerula palustris E1-9c, DSM 19958	Archaea	Finished
643348540	Desulfurococcus kamchatkensis 1221n	Archaea	Finished
643348580	Thermococcus onnurineus NA1	Archaea	Finished
643692025	Halorubrum lacusprofundi ATCC 49239	Archaea	Finished
643692044	Sulfolobus islandicus L.S.2.15	Archaea	Finished
643692045	Sulfolobus islandicus M.14.25	Archaea	Finished
643692046	Sulfolobus islandicus M.16.27	Archaea	Finished
643692047	Sulfolobus islandicus M.16.4	Archaea	Finished
643692048	Sulfolobus islandicus Y.G.57.14	Archaea	Finished
643692049	Sulfolobus islandicus Y.N.15.51	Archaea	Finished
644736372	Halomicrobium mukohataei arg-2, DSM 12286	Archaea	Finished
644736373	Halorhabdus utahensis AX-2, DSM 12940	Archaea	Finished
644736385	Methanocaldococcus fervens AG86	Archaea	Finished
644736411	Thermococcus gammatolerans EJ3	Archaea	Finished
644736412	Thermococcus sibiricus MM 739	Archaea	Finished
646311906	Archaeoglobus profundus Av18, DSM 5631	Archaea	Finished
646311934	Haloterrigena turkmenica VKM B-1734, DSM 5511	Archaea	Finished
646311943	Methanobrevibacter ruminantium M1	Archaea	Finished
646311944	Methanocaldococcus vulcanius M7, DSM 12094	Archaea	Finished
646311945	Methanocella paludicola SANAE	Archaea	Finished
646311959	Sulfolobus islandicus L.D.8.5	Archaea	Finished
646564501	Aciduliprofundum boonei T469	Archaea	Finished
646564534	Ferroglobus placidus AEDII12DO, DSM 10642	Archaea	Finished
646564536	Haloferax volcanii DS2, ATCC 29605	Archaea	Finished
646564547	Methanocaldococcus infernus ME	Archaea	Finished
646564548	Methanocaldococcus sp. FS406-22	Archaea	Finished
646564549	Methanococcus voltae A3	Archaea	Finished
646564550	Methanohalophilus mahii SLP, DSM 5219	Archaea	Finished
646564555	Natrialba magadii ATCC 43099	Archaea	Finished
646564573	Staphylothermus hellenicus P8, DSM 12710	Archaea	Finished
646564583	Thermosphaera aggregans M11TL, DSM 11486	Archaea	Finished
646862347	Sulfolobus solfataricus 98/2	Archaea	Finished
648028003	Acidilobus saccharovorans 345-15	Archaea	Finished
648028029	Halalkalicoccus jeotgali B3, DSM 18796	Archaea	Finished
648028035	Ignisphaera aggregans AQ1.S1, DSM 17230	Archaea	Finished
648028039	Methanohalobium evestigatum Z-7303, DSM 3721	Archaea	Finished
648028040	Methanoplanus petrolearius SEBR 4847, DSM 11571	Archaea	Finished
648028041	Methanothermobacter marburgensis Marburg DSM 2133	Archaea	Finished
648028062	Vulcanisaeta distributa DSM 14429	Archaea	Finished
649633040	Desulfurococcus mucosus 07/1, DSM 2162	Archaea	Finished
649633053	Halogeometricum borinquense PR3, DSM 11551	Archaea	Finished
649633067	Methanothermus fervidus V24S, DSM 2088	Archaea	Finished
650377981	Sulfolobus islandicus HVE10/4	Archaea	Finished
650377982	Sulfolobus islandicus REY15A	Archaea	Finished
650377985	Vulcanisaeta moutnovskia 768-28	Archaea	Finished
650716001	Acidianus hospitalis W1	Archaea	Finished
650716051	Metallosphaera cuprina Ar-4	Archaea	Finished
650716052	Methanobacterium sp. AL-21	Archaea	Finished
650716053	Methanobacterium sp. SWAN-1	Archaea	Finished
650716054	Methanosaeta concilii GP-6	Archaea	Finished
650716055	Methanothermococcus okinawensis IH1	Archaea	Finished
650716056	Methanotorris igneus Kol5, DSM 5666	Archaea	Finished
650716079	Pyrococcus sp. NA2	Archaea	Finished
650716080	Pyrococcus yayanosii CH1	Archaea	Finished
650716096	Thermococcus barophilus MP, DSM 11836	Archaea	Finished
650716097	Thermococcus sp. 4557	Archaea	Finished
650716098	Thermoproteus uzoniensis 768-20	Archaea	Finished
651053028	Haloquadratum walsbyi C23, DSM 16854	Archaea	Finished
